10400000	Dainsleif	ダーインスレイブ	3	4	2	0	7	445	2580	3010	0	33	216	253	0
10400001	Durandal	デュランダル	3	4	2	3	7	410	2510	3035	0	38	218	263	0
10400003	Ascalon	アスカロン	3	4	2	2	7	415	2515	2940	0	37	217	250	0
10400005	Caladbolg	カラドボルグ	3	4	2	4	7	435	2600	3030	0	37	224	260	0
10400006	Laevateinn	レーヴァテイン	3	3	2	0	7	435	2565	0	0	34	217	0	0
10400010	Hauteclaire	オートクレール	3	4	2	4	7	440	2640	3080	0	38	226	260	0
10400013	Joyeuse	ジュワユース	3	4	2	1	7	430	2560	3090	0	35	218	264	0
10400014	Greatsword Andalius	宝剣アンダリス	3	4	2	2	7	400	2430	2940	0	36	210	245	0
10400016	Claíomh Solais	輝剣クラウ・ソラス	3	4	2	3	7	415	2550	2980	0	39	222	259	0
10400017	Manawydan Blade	マナウィダンブレード	3	3	2	3	7	315	2015	0	0	30	175	0	0
10400018	Seven-Star Sword	七星剣	3	3	2	4	7	420	2500	0	0	35	213	0	0
10400019	Hrotti	フロッティ	3	4	2	4	7	425	2560	2990	0	37	220	257	0
10400020	Excalibur (Light)	エクスカリバー	3	4	2	4	7	475	2848	3320	0	41	244	280	0
10400021	Albacore Blade	アルバコアブレード	3	3	2	5	7	345	2045	0	0	24	169	0	0
10400022	Yggdrasil Crystal Blade Omega	世界樹の晶剣・マグナ	3	5	2	2	7	365	2270	2650	2840	32	196	229	245
10400023	Balmung	バルムンク	3	4	2	0	7	335	2035	2380	0	26	171	200	0
10400024	Seven-Star Sword Sterling	七星剣・真	3	3	2	4	7	420	2520	0	0	36	216	0	0
10400025	Seven-Star Sword Incendo		3	3	2	0	7	425	2550	0	0	37	220	0	0
10400026	Seven-Star Sword Aqua		3	3	2	3	7	425	2550	0	0	37	220	0	0
10400027	Seven-Star Sword Ventus		3	3	2	1	7	425	2550	0	0	37	220	0	0
10400028	Seven-Star Sword Terra		3	3	2	2	7	425	2550	0	0	37	220	0	0
10400029	Seven-Star Sword Lumen		3	3	2	4	7	425	2550	0	0	37	220	0	0
10400030	Seven-Star Sword Nyx		3	3	2	5	7	425	2550	0	0	37	220	0	0
10400031	Mistilteinn	ミストルテイン	3	4	2	5	7	440	2540	2980	0	32	212	244	0
10400032	Wind God Sword	風神剣	3	3	2	1	7	330	2030	0	0	27	172	0	0
10400033	Mysterious Sword	アンノウンソード	3	3	2	0	7	340	2065	0	0	26	174	0	0
10400034	Valentine Sword	バレンタインソード	3	3	2	4	7	325	2025	0	0	28	173	0	0
10400035	Skofnung	スコフニュング	3	3	2	3	7	377	2385	0	0	35	207	0	0
10400036	Lyst Sin	ラスト・シン	3	4	2	5	7	445	2580	3010	0	33	216	250	0
10400037	Seven-Star Sword Cardinal		3	3	2	0	7	425	2810	0	0	37	242	0	0
10400038	Seven-Star Sword Cobalt		3	3	2	3	7	425	2810	0	0	37	242	0	0
10400039	Seven-Star Sword Sage		3	3	2	1	7	425	2810	0	0	37	242	0	0
10400040	Seven-Star Sword Ecru		3	3	2	2	7	425	2810	0	0	37	242	0	0
10400041	Seven-Star Sword Ivory		3	3	2	4	7	425	2810	0	0	37	242	0	0
10400042	Seven-Star Sword Obsidian		3	3	2	5	7	425	2810	0	0	37	242	0	0
10400043	Sword of Bahamut Nova	バハムートソード・ノヴム	3	3	2	5	7	415	2470	0	0	30	205	0	0
10400044	Lohengrin	ローエングリン	3	4	2	0	7	444	2615	3050	0	35	221	260	0
10400045	Balanced Blade	フェアーソード	3	3	2	0	7	330	2015	0	0	27	173	0	0
10400046	Murgleis	ミュルグレス	3	4	2	3	7	450	2760	3340	0	42	240	290	0
10400047	Deep Desire	ディープデザイア	3	3	2	2	7	420	2555	0	0	38	221	0	0
10400048	Broadsword of Earth	大地の剣	3	3	2	2	7	351	2201	0	0	32	190	0	0
10400049	Obsidian Sword	オブシダンソード	3	3	2	5	7	335	1980	0	0	23	164	0	0
10400050	Truffle Skewer	ウットリュフ串	3	3	2	2	7	320	2020	0	0	29	174	0	0
10400051	Skofnung Rebirth		3	3	2	3	7	377	2405	0	0	35	209	0	0
10400052	Skofnung Incendo		3	4	2	0	7	377	2405	2810	0	35	209	244	0
10400053	Skofnung Aqua		3	4	2	3	7	377	2405	2810	0	35	209	244	0
10400054	Skofnung Terra		3	4	2	2	7	377	2405	2810	0	35	209	244	0
10400055	Skofnung Ventus		3	4	2	1	7	377	2405	2810	0	35	209	244	0
10400056	Skofnung Lumen		3	4	2	4	7	377	2405	2810	0	35	209	244	0
10400057	Skofnung Nyx		3	4	2	5	7	377	2405	2810	0	35	209	244	0
10400058	Gram	グラム	3	4	2	5	7	455	2625	3060	0	33	219	260	0
10400059	Blade of Light	光の剣	3	3	2	5	7	350	2045	0	0	23	167	0	0
10400060	Blast Sword	ブラスト・ソード	3	3	2	3	7	310	2010	0	0	31	176	0	0
10400061	Ethereal Lasher	オーラフラジェルム	3	4	2	4	7	450	2690	3250	0	38	230	280	0
10400062	Aschallon	アシュケロン	3	3	2	0	7	397	2405	0	0	31	203	0	0
10400063	Aschallon Rebirth	アシュケロン・リビルド	3	3	2	0	7	397	2425	0	0	31	205	0	0
10400064	Aschallon Incendo	アシュケロン・ウヌ	3	4	2	0	7	397	2425	2830	0	31	205	240	0
10400065	Aschallon Aqua	アシュケロン・ドゥ	3	4	2	3	7	397	2425	2830	0	31	205	240	0
10400066	Aschallon Terra	アシュケロン・トリ	3	4	2	2	7	397	2425	2830	0	31	205	240	0
10400067	Aschallon Ventus	アシュケロン・クヴァール	3	4	2	1	7	397	2425	2830	0	31	205	240	0
10400068	Aschallon Lumen	アシュケロン・クヴィン	3	4	2	4	7	397	2425	2830	0	31	205	240	0
10400069	Aschallon Nyx	アシュケロン・セス	3	4	2	5	7	397	2425	2830	0	31	205	240	0
10400070	Ancient Ecke Sachs	オールド・エッケザックス	3	3	2	0	7	278	1677	0	0	106	664	0	0
10400071	Ecke Sachs	エッケザックス	3	3	2	0	7	278	1677	0	0	106	664	0	0
10400072	Luminiera Sword Omega	シュヴァリエソード・マグナ	3	5	2	4	7	370	2275	2660	2850	31	195	228	244
10400073	Xolotl Ripper	ショロトルリッパー	3	3	2	1	7	350	2050	0	0	23	168	0	0
10400074	Sword of Bahamut Coda	バハムートソード・フツルス	3	4	2	5	7	415	2470	2885	0	30	205	240	0
10400075	Excalibur (Fire)	エクスカリバー	3	4	2	0	7	475	2848	3320	0	41	244	280	0
10400076	Excalibur (Water)	エクスカリバー	3	4	2	3	7	475	2848	3320	0	41	244	280	0
10400077	Excalibur (Earth)	エクスカリバー	3	4	2	2	7	475	2848	3320	0	41	244	280	0
10400078	Excalibur (Wind)	エクスカリバー	3	4	2	1	7	475	2848	3320	0	41	244	280	0
10400079	Excalibur (Dark)	エクスカリバー	3	4	2	5	7	475	2848	3320	0	41	244	280	0
10400080	Cosmic Sword ATK	ソード・オブ・コスモス	3	3	2	4	7	398	2458	0	0	34	211	0	0
10400081	Cosmic Sword DEF		3	3	2	4	7	398	2458	0	0	34	211	0	0
10400082	Cosmic Sword HEAL		3	3	2	4	7	398	2458	0	0	34	211	0	0
10400083	Cosmic Sword BAL		3	3	2	4	7	398	2458	0	0	34	211	0	0
10400084	Cosmic Sword SPEC		3	3	2	4	7	398	2458	0	0	34	211	0	0
10400085	Bewitching Bouquet	コートシップ・ブーケ	3	3	2	0	7	332	2020	0	0	27	174	0	0
10400086	Disparia	ディスペアー	3	4	2	5	7	460	2665	3100	0	34	223	260	0
10400087	Blutgang	ブルトガング	3	4	2	5	7	480	2790	3370	0	36	234	280	0
10400088	S.D.	S・D	3	3	2	0	7	335	2025	0	0	26	170	0	0
10400089	Qinglong Manewhip	青竜髭刃	3	4	2	1	7	320	1965	2290	0	26	167	200	0
10400090	Antwerp	アントウェルペン	3	3	2	0	7	440	2535	0	0	32	210	0	0
10400092	Sword of Pallas	パラスの剣	3	4	2	0	7	387	2342	2734	0	30	198	232	0
10400093	Nagelring	ナーゲルリング	3	3	2	3	7	410	2500	0	0	38	217	0	0
10400094	Yyrkoon	イイルクーン	3	3	2	1	7	425	2520	0	0	36	216	0	0
10400095	Blade of the Scourged	カースドブレイド	3	3	2	5	7	355	2050	0	0	22	166	0	0
10400096	Sword of Michael (SSR)	ソード・オブ・ミカエル	3	3	2	0	7	410	2465	0	0	31	206	0	0
10400097	Rose Crystal Sword	ローズクリスタルソード	3	3	2	3	7	365	2320	0	0	34	204	0	0
10400098	Silver Sword Relic		3	4	2	4	7	280	1680	1960	0	24	144	168	0
10400099	Golden Sword Relic		0	4	2	4	7	289	1740	2030	0	25	149	174	0
10400100	Qilin Sword	麒麟剣	3	5	2	5	7	420	2480	2895	3310	30	207	241	275
10400110	Symbol of Justice	フェアネスマーク	3	3	2	4	7	395	2390	0	0	43	246	0	0
10400111	Prototype	プロトタイプ	3	3	2	5	7	445	2550	0	0	32	210	0	0
10400112	Keeper of Hallowed Ground	聖域の守護剣	3	4	2	3	7	367	2322	2810	0	34	202	240	0
10400113	Atma Sword (Fire)	無垢なる竜の剣	3	3	2	0	7	435	2594	0	0	29	195	0	0
10400114	Atma Sword (Water)	無垢なる竜の剣	3	3	2	3	7	435	2594	0	0	29	195	0	0
10400115	Atma Sword (Earth)	無垢なる竜の剣	3	3	2	2	7	435	2594	0	0	29	195	0	0
10400116	Atma Sword (Wind)	無垢なる竜の剣	3	3	2	1	7	435	2594	0	0	29	195	0	0
10400117	Atma Sword (Light)	無垢なる竜の剣	3	3	2	4	7	435	2594	0	0	29	195	0	0
10400118	Atma Sword (Dark)	無垢なる竜の剣	3	3	2	5	7	435	2594	0	0	29	195	0	0
10400119	Ultima Sword (Fire)	オメガスウォード	3	3	2	0	7	435	3029	0	0	29	228	0	0
10400120	Ultima Sword (Water)	オメガスウォード	3	3	2	3	7	435	3029	0	0	29	228	0	0
10400121	Ultima Sword (Earth)	オメガスウォード	3	3	2	2	7	435	3029	0	0	29	228	0	0
10400122	Ultima Sword (Wind)	オメガスウォード	3	3	2	1	7	435	3029	0	0	29	228	0	0
10400123	Ultima Sword (Light)	オメガスウォード	3	3	2	4	7	435	3029	0	0	29	228	0	0
10400124	Ultima Sword (Dark)	オメガスウォード	3	3	2	5	7	435	3029	0	0	29	228	0	0
10400125	Frostbite	パーマフロスト・ソード	3	3	2	3	7	435	2575	0	0	33	205	0	0
10400126	Guardian's Xiphos (Fire)	スパルタン・サイフォス	3	5	2	0	7	377	2433	2810	3215	35	209	244	279
10400127	Guardian's Xiphos (Water)	スパルタン・サイフォス	3	5	2	3	7	377	2433	2810	3215	35	209	244	279
10400128	Guardian's Xiphos (Earth)	スパルタン・サイフォス	3	5	2	2	7	377	2433	2810	3215	35	209	244	279
10400129	Guardian's Xiphos (Wind)	スパルタン・サイフォス	3	5	2	1	7	377	2433	2810	3215	35	209	244	279
10400130	Guardian's Xiphos (Light)	スパルタン・サイフォス	3	5	2	4	7	377	2433	2810	3215	35	209	244	279
10400131	Guardian's Xiphos (Dark)	スパルタン・サイフォス	3	5	2	5	7	377	2433	2810	3215	35	209	244	279
10400132	Original Sin (Fire)	カオスクリエイター	3	5	2	0	7	389	2320	2710	3100	33	226	265	304
10400133	Original Sin (Water)	カオスクリエイター	3	5	2	3	7	389	2320	2710	3100	33	226	265	304
10400134	Original Sin (Earth)	カオスクリエイター	3	5	2	2	7	389	2320	2710	3100	33	226	265	304
10400135	Original Sin (Wind)	カオスクリエイター	3	5	2	1	7	389	2320	2710	3100	33	226	265	304
10400136	Original Sin (Light)	カオスクリエイター	3	5	2	4	7	389	2320	2710	3100	33	226	265	304
10400137	Original Sin (Dark)	カオスクリエイター	3	5	2	5	7	389	2320	2710	3100	33	226	265	304
10400140	Heiliges Schwert	ハイリゲスシュヴェールト	3	3	2	1	7	420	2510	0	0	36	215	0	0
10400141	Wyrmsword	ウィルムスウォード	3	3	2	2	7	315	2015	0	0	30	175	0	0
10400142	Snap Blade	スナップブレード	3	4	2	1	7	362	2199	2566	0	20	137	158	0
10400143	Fallen Sword	フォールン・ソード	3	4	2	5	7	476	2750	3319	0	36	241	292	0
10400144	Ridill (Fire)	リディル	5	5	2	0	7	397	2425	2830	3300	31	205	240	275
10400145	Ridill (Water)	リディル	5	5	2	3	7	397	2425	2830	3300	31	205	240	275
10400146	Ridill (Earth)	リディル	5	5	2	2	7	397	2425	2830	3300	31	205	240	275
10400147	Ridill (Wind)	リディル	5	5	2	1	7	397	2425	2830	3300	31	205	240	275
10400148	Ridill (Light)	リディル	5	5	2	4	7	397	2425	2830	3300	31	205	240	275
10400149	Ridill (Dark)	リディル	5	5	2	5	7	397	2425	2830	3300	31	205	240	275
10400150	Scimitar of Brahman	ブラフマンシミター	3	4	2	0	7	387	2342	2730	0	30	198	230	0
10400151	Glory Thread	リバーススレッド	3	3	2	4	7	324	2017	0	0	28	173	0	0
10400152	Sephira Emerald Sword		3	3	2	1	7	385	2340	0	0	31	199	0	0
10400153	Xeno Purity Sunblade	六道・道天浄土	3	3	2	4	7	380	2345	0	0	29	180	0	0
10400154	True Purity Sunblade	真・道天浄土	3	4	2	4	7	380	2345	2739	0	29	180	210	0
10400155	Red Cyclone	焔嵐斬	3	3	2	0	7	354	2122	0	0	22	152	0	0
10400156	Embrasque Replica	エムブラスク・レプリカ	3	3	2	5	7	424	2497	0	0	28	204	0	0
10400157	Sahrivar	シャフレワル	3	3	2	2	7	391	2240	0	0	39	200	0	0
10400158	Last Sahrivar	ラスト・シャフレワル	4	4	2	2	7	391	2240	2611	0	39	200	232	0
10400159	Aluminum Bat		3	3	2	1	7	360	2150	0	0	21	150	0	0
10400160	Gottfried	ゴットフリート	3	3	2	3	7	421	2610	0	0	34	210	0	0
10400161	Ushumgal	ウシュムガル	3	4	2	0	7	375	2280	2760	0	30	192	230	0
10400162	Ice Claymore	アイスクレイモア	3	4	2	3	7	320	2022	2448	0	29	172	208	0
10400163	Hollowsky Blade	虚空の裂剣	3	4	2	5	7	440	2600	3140	0	32	216	260	0
10400164	Carrot Blade	ニンジンブレード	3	3	2	2	7	342	2052	0	0	20	158	0	0
10400165	Windhose	ヴィントホーゼ	3	4	2	1	7	370	2275	2750	0	31	193	230	0
10400166	Sword on the Cob	ソードコーン	3	4	2	4	7	469	2687	3156	0	26	180	206	0
10400170	Sword of Repudiation	絶対否定の剣	3	5	2	4	7	420	2580	3120	3660	36	222	269	316
10400171	Sword of Renunciation	永遠拒絶の剣	3	5	2	4	7	420	2580	3120	3660	36	222	269	316
10400172	Sword of Valorblaze		3	4	2	0	7	410	2465	2980	0	31	206	250	0
10400173	Proximo		3	3	2	1	7	390	2387	0	0	32	203	0	0
10400174	Proximo Rebirth		3	3	2	1	7	390	2410	0	0	32	205	0	0
10400175	Proximo Incendo		3	4	2	0	7	390	2410	2814	0	32	205	240	0
10400176	Proximo Aqua		3	4	2	3	7	390	2410	2814	0	32	205	240	0
10400177	Proximo Terra		3	4	2	2	7	390	2410	2814	0	32	205	240	0
10400178	Proximo Ventus		3	4	2	1	7	390	2410	2814	0	32	205	240	0
10400179	Proximo Lumen		3	4	2	4	7	390	2410	2814	0	32	205	240	0
10400180	Proximo Nyx		3	4	2	5	7	390	2410	2814	0	32	205	240	0
10400181	Wasserspeier (Fire)	ヴァッサーシュパイアー	3	5	2	0	7	390	2410	2814	3218	32	205	240	275
10400182	Wasserspeier (Water)	ヴァッサーシュパイアー	3	5	2	3	7	390	2410	2814	3218	32	205	240	275
10400183	Wasserspeier (Earth)	ヴァッサーシュパイアー	3	5	2	2	7	390	2410	2814	3218	32	205	240	275
10400184	Wasserspeier (Wind)	ヴァッサーシュパイアー	3	5	2	1	7	390	2410	2814	3218	32	205	240	275
10400185	Wasserspeier (Light)	ヴァッサーシュパイアー	3	5	2	4	7	390	2410	2814	3218	32	205	240	275
10400186	Wasserspeier (Dark)	ヴァッサーシュパイアー	3	5	2	5	7	390	2410	2814	3218	32	205	240	275
10400187	Ain Soph	アイン・ソフ	3	3	2	3	7	409	2577	0	0	38	202	0	0
10400189	Chains of Caucasus	チェーン・オブ・カウカソス	3	4	2	0	7	385	2445	2830	0	30	210	240	0
10400190	Khopesh	ケペシュ	3	3	2	1	7	329	2042	0	0	27	168	0	0
10401000	Azoth	アゾット	3	3	2	5	2	430	2500	0	0	37	244	0	0
10401003	Vegalta	ベガルタ	3	4	2	5	2	420	2540	3070	0	36	212	256	0
10401008	Flohrenberk	フローレンベルク	3	3	2	0	2	350	2115	0	0	32	209	0	0
10401010	Carnwenhan	カルンウェナン	3	4	2	2	2	395	2400	2900	0	41	240	290	0
10401011	Phoenix Beakblade	不死鳥の嘴刃	3	3	2	0	2	320	1930	0	0	29	190	0	0
10401012	Nephthys Kris	ネフティスクリス	3	3	2	1	2	315	1930	0	0	30	192	0	0
10401013	Diamond Edge	ダイヤモンドエッジ	3	3	2	4	2	400	2450	0	0	40	245	0	0
10401014	Yggdrasil Dagger Omega	世界樹の雫刃・マグナ	3	5	2	2	2	345	2160	2520	2700	36	218	254	272
10401015	Leviathan Gaze Omega	レヴィアンゲイズ・マグナ	3	5	2	3	2	340	2155	2520	2700	37	219	255	273
10401016	Hellward Dagger	ヘルウォードダガー	3	4	2	5	2	330	1950	2275	0	27	189	221	0
10401017	Four-Sky Blade	四天刃	3	3	2	4	2	370	2270	0	0	37	227	0	0
10401018	Thunder Dirk Jove	雷公刃ユピテル	3	4	2	4	2	415	2480	2890	0	41	248	289	0
10401019	Abyss Dagger	コムラビ	3	3	2	5	2	430	2460	0	0	37	240	0	0
10401020	Jack-O'-Brand	トリック・オア・トリート	3	3	2	0	2	420	2450	0	0	39	242	0	0
10401021	Hoarfrost Blade Persius	霧氷剣ペルソス	3	4	2	3	2	390	2385	2790	0	42	162	282	0
10401022	Four-Sky Blade Sterling	四天刃・真	3	3	2	4	2	400	2400	0	0	40	240	0	0
10401023	Four-Sky Blade Incendo		3	3	2	0	2	405	2430	0	0	41	243	0	0
10401024	Four-Sky Blade Aqua		3	3	2	3	2	405	2430	0	0	41	243	0	0
10401025	Four-Sky Blade Ventus		3	3	2	1	2	405	2430	0	0	41	243	0	0
10401026	Four-Sky Blade Terra		3	3	2	2	2	405	2430	0	0	41	243	0	0
10401027	Four-Sky Blade Lumen		3	3	2	4	2	405	2430	0	0	41	243	0	0
10401028	Four-Sky Blade Nyx		3	3	2	5	2	405	2430	0	0	41	243	0	0
10401029	Ipetam	イペタム	3	3	2	5	2	389	2301	0	0	33	224	0	0
10401030	Faust	ファウスト	3	3	2	2	2	364	2276	0	0	38	229	0	0
10401031	Four-Sky Blade Cardinal		3	3	2	0	2	405	2680	0	0	41	268	0	0
10401032	Four-Sky Blade Cobalt		3	3	2	3	2	405	2680	0	0	41	268	0	0
10401033	Four-Sky Blade Sage		3	3	2	1	2	405	2680	0	0	41	268	0	0
10401034	Four-Sky Blade Ecru		3	3	2	2	2	405	2680	0	0	41	268	0	0
10401035	Four-Sky Blade Ivory		3	3	2	4	2	405	2680	0	0	41	268	0	0
10401036	Four-Sky Blade Obsidian		3	3	2	5	2	405	2680	0	0	41	268	0	0
10401037	Dagger of Bahamut Nova	バハムートダガー・ノヴム	3	3	2	5	2	395	2355	0	0	34	229	0	0
10401038	Heaven's Cloud	ヘヴンズクラウド	3	4	2	1	2	405	2405	2800	0	39	239	279	0
10401039	Pina Colata Cleaver	秘丹弥虚羅多包丁	3	4	2	3	2	300	1915	2240	0	33	195	227	0
10401040	Ipetam Rebirth	イぺタム・リビルド	3	3	2	5	2	389	2320	0	0	33	226	0	0
10401041	Ipetam Incendo		3	4	2	0	2	389	2320	2710	0	33	226	265	0
10401042	Ipetam Aqua		3	4	2	3	2	389	2320	2710	0	33	226	265	0
10401043	Ipetam Terra		3	4	2	2	2	389	2320	2710	0	33	226	265	0
10401044	Ipetam Ventus		3	4	2	1	2	389	2320	2710	0	33	226	265	0
10401045	Ipetam Lumen	イペタム・クヴィン	3	4	2	4	2	389	2320	2710	0	33	226	265	0
10401046	Ipetam Nyx		3	4	2	5	2	389	2320	2710	0	33	226	265	0
10401047	Faust Rebirth	ファウスト・リビルド	3	3	2	2	2	364	2295	0	0	38	231	0	0
10401048	Faust Incendo		3	4	2	0	2	364	2295	2680	0	38	231	270	0
10401049	Faust Aqua		3	4	2	3	2	364	2295	2680	0	38	231	270	0
10401050	Faust Terra		3	4	2	2	2	364	2295	2680	0	38	231	270	0
10401051	Faust Ventus		3	4	2	1	2	364	2295	2680	0	38	231	270	0
10401052	Faust Lumen		3	4	2	4	2	364	2295	2680	0	38	231	270	0
10401053	Faust Nyx		3	4	2	5	2	364	2295	2680	0	38	231	270	0
10401054	Love Eternal	エターナル・ラヴ	3	4	2	1	2	445	2645	3200	0	43	263	320	0
10401055	Misericorde	ミセリコルデ	3	3	2	1	2	375	2285	0	0	36	227	0	0
10401056	Misericorde Rebirth		3	3	2	1	2	375	2285	0	0	36	227	0	0
10401057	Misericorde Incendo		3	4	2	0	2	375	2285	2690	0	36	227	270	0
10401058	Misericorde Aqua		3	4	2	3	2	375	2285	2690	0	36	227	270	0
10401059	Misericorde Terra		3	4	2	2	2	375	2285	2690	0	36	227	270	0
10401060	Misericorde Ventus		3	4	2	1	2	375	2285	2690	0	36	227	270	0
10401061	Misericorde Lumen		3	4	2	4	2	375	2285	2690	0	36	227	270	0
10401062	Misericorde Nyx		3	4	2	5	2	375	2285	2690	0	36	227	270	0
10401063	Arsene	アルセーヌ	3	4	2	2	2	400	2435	2830	0	42	245	290	0
10401064	Ancient Cortana	オールド・コルタナ	3	3	2	5	2	379	2241	0	0	32	218	0	0
10401065	Cortana	コルタナ	3	3	2	5	2	379	2241	0	0	32	218	0	0
10401066	Damascus Knife (Fire)	ダマスカスナイフ	3	4	2	0	2	472	2732	3230	0	41	267	560	0
10401067	Dagger of Bahamut Coda	バハムートダガー・フツルス	3	4	2	5	2	395	2355	2750	0	34	229	268	0
10401068	Damascus Knife (Water)	ダマスカスナイフ	3	4	2	3	2	472	2732	3230	0	41	267	560	0
10401069	Damascus Knife (Earth)	ダマスカスナイフ	3	4	2	2	2	472	2732	3230	0	41	267	560	0
10401070	Damascus Knife (Wind)	ダマスカスナイフ	3	4	2	1	2	472	2732	3230	0	41	267	560	0
10401071	Damascus Knife (Light)	ダマスカスナイフ	3	4	2	4	2	472	2732	3230	0	41	267	560	0
10401072	Damascus Knife (Dark)	ダマスカスナイフ	3	4	2	5	2	472	2732	3230	0	41	267	560	0
10401073	Cosmic Dagger ATK	ダガー・オブ・コスモス	3	3	2	4	2	379	2341	0	0	38	234	0	0
10401074	Cosmic Dagger DEF		3	3	2	4	2	379	2341	0	0	38	234	0	0
10401075	Cosmic Dagger HEAL		3	3	2	4	2	379	2341	0	0	38	234	0	0
10401076	Cosmic Dagger BAL		3	3	2	4	2	379	2341	0	0	38	234	0	0
10401077	Cosmic Dagger SPEC		3	3	2	4	2	379	2341	0	0	38	234	0	0
10401078	Twin Helix	デュアルヘリックス	3	3	2	4	2	410	2470	0	0	41	247	0	0
10401079	Plume of Suparna	スパルナフェザー	3	4	2	1	2	364	2226	2599	0	35	221	258	0
10401080	Phantom Thief Blade	ファントムシーフナイフ	3	3	2	3	2	390	2380	0	0	42	241	0	0
10401081	Bloody Scar	ブラッディスカー	3	3	2	5	2	410	2380	0	0	38	241	0	0
10401082	Reunion	リユニオン	3	4	2	1	2	450	2650	3200	0	42	260	310	0
10401083	Delta Quartz	デルタ・クォーツ	3	4	2	0	2	425	2495	3010	0	36	216	260	0
10401084	Rose Crystal Knife	ローズクリスタルナイフ	3	3	2	1	2	365	2225	0	0	35	220	0	0
10401085	Silver Dagger Relic		3	4	2	4	2	267	1600	1867	0	27	160	187	0
10401086	Golden Dagger Relic		0	4	2	4	2	276	1655	1931	0	28	165	193	0
10401087	Parazonium	パラゾニウム	3	4	2	5	2	459	2652	3200	0	40	259	310	0
10401088	Dandelion	ダンデライオン	3	3	2	1	2	314	1926	0	0	30	191	0	0
10401089	Queen's Stinger	女王の一刺し	3	3	2	2	2	305	1915	0	0	32	194	0	0
10401090	Le Fay	ル・フェイ	3	4	2	1	2	340	2127	2570	0	40	241	290	0
10401091	Atma Dagger (Fire)	無垢なる竜の短剣	3	3	2	0	2	402	2402	0	0	33	224	0	0
10401092	Atma Dagger (Water)	無垢なる竜の短剣	3	3	2	3	2	402	2402	0	0	33	224	0	0
10401093	Atma Dagger (Earth)	無垢なる竜の短剣	3	3	2	2	2	402	2402	0	0	33	224	0	0
10401094	Atma Dagger (Wind)	無垢なる竜の短剣	3	3	2	1	2	402	2402	0	0	33	224	0	0
10401095	Atma Dagger (Light)	無垢なる竜の短剣	3	3	2	4	2	402	2402	0	0	33	224	0	0
10401096	Atma Dagger (Dark)	無垢なる竜の短剣	3	3	2	5	2	402	2402	0	0	33	224	0	0
10401097	Ultima Dagger (Fire)	オメガバゼラード	3	3	2	0	2	402	2805	0	0	33	263	0	0
10401098	Ultima Dagger (Water)	オメガバゼラード	3	3	2	3	2	402	2805	0	0	33	263	0	0
10401099	Ultima Dagger (Earth)	オメガバゼラード	3	3	2	2	2	402	2805	0	0	33	263	0	0
10401100	Ultima Dagger (Wind)	オメガバゼラード	3	3	2	1	2	402	2805	0	0	33	263	0	0
10401101	Ultima Dagger (Light)	オメガバゼラード	3	3	2	4	2	402	2805	0	0	33	263	0	0
10401102	Ultima Dagger (Dark)	オメガバゼラード	3	3	2	5	2	402	2805	0	0	33	263	0	0
10401103	Nibelung Messer	ニーベルン・メッサー	3	4	2	2	2	354	2216	2590	0	37	223	260	0
10401104	Mittron's Treasured Blade	ミトロンの宝剣	3	4	2	4	2	359	2221	2590	0	36	222	260	0
10401105	Sephira Emerald Dagger		3	3	2	0	2	370	2235	0	0	34	220	0	0
10401106	Mirror-Blade Shard	刃鏡片	3	4	2	2	2	428	2630	3180	0	42	272	330	0
10401107	Thorny Rose	トーニーローズ	3	4	2	2	2	390	2385	2775	0	42	240	282	0
10401108	Sunshine Blade	サンシャインブレード	3	4	2	3	2	299	1911	2310	0	39	194	230	0
10401109	Chop-Chop	牛鬼包丁	3	3	2	5	2	349	2106	0	0	20	155	0	0
10401110	Hatsoiiłhał	ハツオイイルハル	3	4	2	1	2	365	2230	2700	0	35	220	270	0
10401111	Gandring	ガンドリン	3	4	2	5	2	400	2360	2750	0	40	250	290	0
10401112	Sharp Letter	レター	3	3	2	4	2	399	2412	0	0	40	235	0	0
10401113	Winter's Frostnettle	冬ノ霜柱	3	4	2	3	2	290	1857	2249	0	21	189	228	0
10401114	Crystal Bellflowers	クリスタルベルフラワー	3	3	2	3	2	389	2385	0	0	42	245	0	0
10401115	Love Live Light	ラブライブ！ライト	3	4	2	4	2	309	1921	2324	0	31	191	231	0
10402000	Cletine	クレティネ	3	3	2	4	8	385	2305	0	0	43	259	0	0
10402002	Pilum	ピラム	3	4	2	0	8	380	2240	2610	0	40	249	291	0
10402003	Brionac	ブリューナク	3	4	2	0	8	395	2315	2710	0	41	257	298	0
10402007	Gisla	グラーシーザー	3	4	2	5	8	404	2325	2810	0	39	255	309	0
10402008	Turpin Spear	グランテピエ	3	4	2	1	8	390	2310	2690	0	42	258	300	0
10402009	Gae Bulg (Fire)	ゲイボルグ	3	4	2	0	8	454	2624	3060	0	45	289	340	0
10402012	Vergilius	ウェルギリウス	3	4	2	3	8	290	1855	2170	0	35	205	239	0
10402013	Nephthys Fork	ネフティスフォーク	3	3	2	1	8	300	1855	0	0	32	207	0	0
10402014	Ifrit Halberd	イフリートハルベルト	3	4	2	0	8	310	1860	2170	0	31	206	241	0
10402015	Tiamat Glaive Omega	ティアマトグレイブ・マグナ	3	5	2	1	8	340	2085	2500	2600	37	233	280	292
10402016	One-Rift Spear	一伐槍	3	3	2	4	8	370	2235	0	0	42	251	0	0
10402017	Gargantua	ガルガンチュア	3	4	2	2	8	380	2300	2680	0	44	260	303	0
10402018	Triaina	トリアイナ	3	3	2	3	8	290	1870	0	0	36	213	0	0
10402019	Celeste Horn Omega	セレストホーン・マグナ	3	5	2	5	8	355	2100	2450	2620	34	230	269	289
10402020	Rosen Maiden	ローゼンメイデン	3	3	2	5	8	410	2360	0	0	40	260	0	0
10402021	One-Rift Spear Sterling	一伐槍・真	3	3	2	4	8	385	2300	0	0	43	260	0	0
10402022	One-Rift Spear Incendo		3	3	2	0	8	390	2440	0	0	44	162	0	0
10402023	One-Rift Spear Aqua		3	3	2	3	8	390	2330	0	0	44	265	0	0
10402024	One-Rift Spear Ventus		3	3	2	1	8	390	2330	0	0	44	265	0	0
10402025	One-Rift Spear Terra		3	3	2	2	8	390	2330	0	0	44	265	0	0
10402026	One-Rift Spear Lumen		3	3	2	4	8	390	2330	0	0	44	265	0	0
10402027	One-Rift Spear Nyx		3	3	2	5	8	390	2330	0	0	44	265	0	0
10402028	Ramulus	天干地支刀・未之飾	3	3	2	5	8	415	2400	0	0	41	264	0	0
10402029	Thunder God Spear	雷神矛	3	3	2	4	8	300	1850	0	0	33	208	0	0
10402030	Romulus Spear	ロムルスの槍	3	3	2	4	8	354	2189	0	0	40	246	0	0
10402031	One-Rift Spear Cardinal		3	3	2	0	8	390	2570	0	0	44	295	0	0
10402032	One-Rift Spear Cobalt		3	3	2	3	8	390	2570	0	0	44	295	0	0
10402033	One-Rift Spear Sage		3	3	2	1	8	390	2570	0	0	44	295	0	0
10402034	One-Rift Spear Ecru		3	3	2	2	8	390	2570	0	0	44	295	0	0
10402035	One-Rift Spear Ivory		3	3	2	4	8	390	2570	0	0	44	295	0	0
10402036	One-Rift Spear Obsidian		3	3	2	5	8	390	2570	0	0	44	295	0	0
10402037	Spear of Bahamut Nova	バハムートスピア・ノヴム	3	3	2	5	8	380	2260	0	0	37	248	0	0
10402038	Avaritia Spear	アワリティアスピア	3	3	2	2	8	295	1845	0	0	34	209	0	0
10402039	Luin	ルーン	3	4	2	0	8	400	2350	2730	0	42	262	310	0
10402040	Qinglong Spear	青竜牙矛	3	4	2	1	8	295	1800	2180	0	31	201	240	0
10402041	Dragon Spear	竜槍	3	3	2	0	8	310	1890	0	0	32	209	0	0
10402042	Romulus Spear Rebirth		3	3	2	4	8	354	2210	0	0	40	248	0	0
10402043	Romulus Spear Incendo		3	4	2	0	8	354	2210	2580	0	40	248	290	0
10402044	Romulus Spear Aqua		3	4	2	3	8	354	2210	2580	0	40	248	290	0
10402045	Romulus Spear Terra		3	4	2	2	8	354	2210	2580	0	40	248	290	0
10402046	Romulus Spear Ventus		3	4	2	1	8	354	2210	2580	0	40	248	290	0
10402047	Romulus Spear Lumen		3	4	2	4	8	354	2210	2580	0	40	248	290	0
10402048	Romulus Spear Nyx		3	4	2	5	8	354	2210	2580	0	40	248	290	0
10402049	New Year Kadomatsu Staff	貫き門松	3	3	2	0	8	310	1860	0	0	30	204	0	0
10402050	The Mark of Death	デスシンボル	3	3	2	3	8	295	1895	0	0	37	217	0	0
10402051	Leviathan Spear Omega	レヴィアンスピア・マグナ	3	5	2	3	8	325	2070	2420	2590	40	236	275	295
10402052	Ancient Nalakuvara	オールド・ナラクーバラ	3	3	2	1	8	350	2137	0	0	38	239	0	0
10402053	Nalakuvara	ナラクーバラ	3	3	2	1	8	350	2137	0	0	38	239	0	0
10402054	Spear of Bahamut Coda	バハムートスピア・フツルス	3	4	2	5	8	380	2260	2640	0	37	248	290	0
10402055	Gae Bulg (Water)	ゲイボルグ	3	4	2	3	8	454	2624	3060	0	45	289	340	0
10402056	Gae Bulg (Earth)	ゲイボルグ	3	4	2	2	8	454	2624	3060	0	45	289	340	0
10402057	Gae Bulg (Wind)	ゲイボルグ	3	4	2	1	8	454	2624	3060	0	45	289	340	0
10402058	Gae Bulg (Light)	ゲイボルグ	3	4	2	4	8	454	2624	3060	0	45	289	340	0
10402059	Gae Bulg (Dark)	ゲイボルグ	3	4	2	5	8	454	2624	3060	0	45	289	340	0
10402060	Cosmic Lance ATK	ランス・オブ・コスモス	3	3	2	4	8	364	2247	0	0	41	253	0	0
10402061	Cosmic Lance DEF		3	3	2	4	8	364	2247	0	0	41	253	0	0
10402062	Cosmic Lance HEAL		3	3	2	4	8	364	2247	0	0	41	253	0	0
10402063	Cosmic Lance BAL		3	3	2	4	8	364	2247	0	0	41	253	0	0
10402064	Cosmic Lance SPEC		3	3	2	4	8	364	2247	0	0	41	253	0	0
10402065	Skyrend Spear	双竜槍	3	3	2	5	8	415	2395	0	0	40	263	0	0
10402066	Crystal Luin	クリスタルルーン	3	3	2	4	8	380	2295	0	0	43	260	0	0
10402067	Gungnir	グングニル	3	4	2	4	8	345	2132	2490	0	39	240	280	0
10402068	Erichthonius	エリクトニオス	3	4	2	0	8	335	2142	2500	0	37	238	278	0
10402069	Neptune's Trident	ネプテゥヌスの三叉鉾	3	3	2	3	8	315	2005	0	0	40	230	0	0
10402070	Eden	エデン	3	4	2	4	8	430	2600	3140	0	48	280	340	0
10402071	Gae Derg	ゲイダーグ	3	3	2	2	8	395	2335	0	0	40	250	0	0
10402072	Rose Crystal Lance	ローズクリスタルランス	3	3	2	2	8	350	2080	0	0	45	250	0	0
10402073	Silver Spear Relic		3	4	2	4	8	256	1535	1790	0	29	173	202	0
10402074	Golden Spear Relic		0	4	2	4	8	265	1590	1855	0	30	179	209	0
10402075	Sunspot Spear	サンスポットスピア	3	3	2	5	8	403	2316	0	0	39	254	0	0
10402076	Qinglong Spear Regus		3	4	2	1	8	295	1800	2180	0	31	201	240	0
10402077	Qinglong Spear Pontus	青竜牙矛・覇	3	4	2	1	8	295	1800	2180	0	31	201	240	0
10402078	Qinglong Spear Malus	青竜牙矛・邪	3	4	2	1	8	295	1800	2180	0	31	201	240	0
10402079	Huanglong Spear	黄龍槍	3	5	2	4	8	365	2250	2630	3010	41	252	294	336
10402080	Nigredo Lance	ランス・オブ・ニグレド	3	3	2	4	8	300	1850	0	0	32	206	0	0
10402081	All-Might Spear	英雄王の槍	3	4	2	2	8	364	2226	2690	0	35	221	270	0
10402082	Atma Spear (Fire)	無垢なる竜の槍	3	3	2	0	8	395	2350	0	0	36	238	0	0
10402083	Atma Spear (Water)	無垢なる竜の槍	3	3	2	3	8	395	2350	0	0	36	238	0	0
10402084	Atma Spear (Earth)	無垢なる竜の槍	3	3	2	2	8	395	2350	0	0	36	238	0	0
10402085	Atma Spear (Wind)	無垢なる竜の槍	3	3	2	1	8	395	2350	0	0	36	238	0	0
10402086	Atma Spear (Light)	無垢なる竜の槍	3	3	2	4	8	395	2350	0	0	36	238	0	0
10402087	Atma Spear (Dark)	無垢なる竜の槍	3	3	2	5	8	395	2350	0	0	36	238	0	0
10402088	Ultima Spear (Fire)	オメガバルーチャ	3	3	2	0	8	395	2746	0	0	36	278	0	0
10402089	Ultima Spear (Water)	オメガバルーチャ	3	3	2	3	8	395	2746	0	0	36	278	0	0
10402090	Ultima Spear (Earth)	オメガバルーチャ	3	3	2	2	8	395	2746	0	0	36	278	0	0
10402091	Ultima Spear (Wind)	オメガバルーチャ	3	3	2	1	8	395	2746	0	0	36	278	0	0
10402092	Ultima Spear (Light)	オメガバルーチャ	3	3	2	4	8	395	2746	0	0	36	278	0	0
10402093	Ultima Spear (Dark)	オメガバルーチャ	3	3	2	5	8	395	2746	0	0	36	278	0	0
10402094	Xeno Conviction Flashspear	六道・黄木天の箭	3	4	2	1	8	340	2079	2427	0	37	232	271	0
10402095	True Conviction Flashspear	真・黄木天の箭	3	4	2	1	8	340	2079	2427	0	37	232	271	0
10402096	Daemon's Spine	ダイモーンスパイン	3	3	2	3	8	355	2175	0	0	49	283	0	0
10402097	Helmwige (Fire)	ヘルムヴィーゲ	3	5	2	0	8	354	2226	2580	2950	40	250	290	332
10402098	Helmwige (Water)	ヘルムヴィーゲ	3	5	2	3	8	354	2226	2580	2950	40	250	290	332
10402099	Helmwige (Earth)	ヘルムヴィーゲ	3	5	2	2	8	354	2226	2580	2950	40	250	290	332
10402100	Helmwige (Wind)	ヘルムヴィーゲ	3	5	2	1	8	354	2226	2580	2950	40	250	290	332
10402101	Helmwige (Light)	ヘルムヴィーゲ	3	5	2	4	8	354	2226	2580	2950	40	250	290	332
10402102	Helmwige (Dark)	ヘルムヴィーゲ	3	5	2	5	8	354	2226	2580	2950	40	250	290	332
10402103	Shadow Viperlance	シャドウサーペント	3	4	2	5	8	422	2335	2720	0	35	250	290	0
10402104	Trident of Brahman	ブラフマントライデント	3	4	2	0	8	355	2142	2500	0	37	238	280	0
10402105	Last Storm Lance	ラストストームランス	3	4	2	1	8	350	2137	2490	0	38	239	280	0
10402106	Cherished Flip Charm	くるりん祈願の金箱御守り	3	3	2	4	8	318	1990	0	0	40	250	0	0
10402107	Reputable Red Relic	安心と信頼の赤箱御守り	3	3	2	0	8	332	2006	0	0	43	273	0	0
10402108	Sephira Emerald Fork		3	3	2	0	8	355	2145	0	0	37	238	0	0
10402109	Orleans Standard	オルレアン・フラッグ	3	4	2	1	8	368	2101	2430	0	52	297	350	0
10402110	Arvess Replica	アルベス・レプリカ	3	3	2	0	8	404	2411	0	0	38	235	0	0
10402112	Conifer		3	3	2	4	8	383	2299	0	0	43	259	0	0
10402113	Shock-a-Lot	ギュムノートゥス	3	3	2	4	8	300	1905	0	0	33	195	0	0
10402114	Draco Horn	ドラグホーン	3	4	2	3	8	397	2450	2860	0	34	227	270	0
10402115	Drill	ドリル	3	3	2	2	8	290	1830	0	0	35	210	0	0
10402116	Galilei's Insight	ガリレオ・サイト	3	4	2	3	8	411	2517	3044	0	49	286	345	0
10402117	Feendrache Pennant	フェードラッヘフラッグ	3	3	2	0	8	385	2295	0	0	45	261	0	0
10402118	Pinkie Needle	ピンキーニードル	3	3	2	4	8	406	2461	0	0	37	225	0	0
10402119	Hollowsky Spear	虚空の楔槍	3	4	2	0	8	390	2370	2870	0	41	265	320	0
10402120	Sacred Lance	セイクリッドランス	3	3	2	0	8	350	2240	0	0	50	270	0	0
10402121	Galactic Impact	ギャラクティカインパクト	3	3	2	1	8	408	2476	0	0	36	222	0	0
10402122	Spear of Assail	ゲイアサイル	3	4	2	1	8	442	2310	2780	0	31	257	314	0
10402123	Deirdre's Symbol	ディアドリックシンボル	3	3	2	1	8	368	2281	0	0	46	261	0	0
10402124	Cherubim's Lance	ランス・オブ・ケルヴィム	3	3	2	5	8	332	1879	0	0	26	200	0	0
10402125	Spear of Repudiation	絶対否定の槍	3	5	2	1	8	390	2370	2865	3360	40	265	321	377
10402126	Spear of Renunciation	永遠拒絶の槍	3	5	2	1	8	390	2370	2865	3360	40	265	321	377
10402127	Vortex of the Void	虚無ノ哭風	3	4	2	1	8	431	2572	3107	0	43	275	333	0
10402128	Spymur's Clause	マイムールクローズ	3	4	2	2	8	378	2360	2738	0	44	245	289	0
10402129	Vagabond	宿無し	3	4	2	5	8	448	2572	3100	0	30	203	250	0
10402130	Autumn's Transformation	秋ノ落葉	3	4	2	2	8	283	1787	2163	0	33	203	246	0
10403000	Ukonvasara	ウコンバサラ	3	4	2	4	0	425	2550	2980	0	31	186	217	0
10403001	Mjolnir (Light)	ミョルニル	3	4	2	4	0	497	2983	3480	0	36	217	250	0
10403002	Slarnd	スラーンド	3	4	2	3	0	430	2630	3180	0	34	194	234	0
10403004	Parashu	パラシュ	3	4	2	2	0	440	2680	3240	0	34	196	237	0
10403005	Phoenix Wing-Axe	不死鳥の翼斧	3	3	2	0	0	350	2120	0	0	23	152	0	0
10403006	Windflash	閃刃の剣斧	3	4	2	1	0	440	2640	3170	0	31	190	228	0
10403007	Scarlet Crest Axe	緋紋の絢斧	3	4	2	0	0	450	2650	3090	0	30	190	222	0
10403008	Splitting Axe of Midgardsormr	ミドガルドの裂斧	3	3	2	2	0	335	2115	0	0	26	155	0	0
10403009	Tiamat Amood Omega	ティアマトアムード・マグナ	3	5	2	1	0	390	2390	2870	2990	27	172	206	216
10403010	Hekatonkheles	ヘカトンケイレス	3	3	2	4	0	340	2120	0	0	25	154	0	0
10403011	Luminiera Bhuj Omega	シュヴァリエブージ・マグナ	3	5	2	4	0	385	2385	2790	2990	28	162	173	217
10403012	Vassago	ヴァサーゴ	3	4	2	5	0	460	2660	3090	0	28	188	222	0
10403013	Three-Tiger Axe	三寅斧	3	3	2	4	0	405	2495	0	0	29	181	0	0
10403014	Celeste Zaghnal Omega	セレストザグナル・マグナ	3	5	2	5	0	405	2405	2810	3010	24	169	198	213
10403015	Gleipnir	グレイプニル	3	4	2	3	0	330	2110	2465	0	27	156	182	0
10403016	Three-Tiger Axe Sterling	三寅斧・真	3	3	2	4	0	440	2640	0	0	32	192	0	0
10403017	Three-Tiger Axe Incendo		3	3	2	0	0	445	2680	0	0	33	195	0	0
10403018	Three-Tiger Axe Aqua		3	3	2	3	0	445	2680	0	0	33	195	0	0
10403019	Three-Tiger Axe Ventus		3	3	2	1	0	445	2680	0	0	33	195	0	0
10403020	Three-Tiger Axe Terra		3	3	2	2	0	445	2680	0	0	33	195	0	0
10403021	Three-Tiger Axe Lumen		3	3	2	4	0	445	2680	0	0	33	195	0	0
10403022	Three-Tiger Axe Nyx		3	3	2	5	0	445	2680	0	0	33	195	0	0
10403023	Avenger	アヴェンジャー	3	3	2	0	0	416	2519	0	0	28	180	0	0
10403024	Three-Tiger Axe Cardinal		3	3	2	0	0	445	2950	0	0	33	215	0	0
10403025	Three-Tiger Axe Cobalt		3	3	2	3	0	445	2950	0	0	33	215	0	0
10403026	Three-Tiger Axe Sage		3	3	2	1	0	445	2950	0	0	33	215	0	0
10403027	Three-Tiger Axe Ecru		3	3	2	2	0	445	2950	0	0	33	215	0	0
10403028	Three-Tiger Axe Ivory		3	3	2	4	0	445	2950	0	0	33	215	0	0
10403029	Three-Tiger Axe Obsidian		3	3	2	5	0	445	2950	0	0	33	215	0	0
10403030	Axe of Bahamut Nova	バハムートアクス・ノヴム	3	3	2	5	0	435	2585	0	0	26	183	0	0
10403031	Mysterious Hatchet	アンノウンスタンプ	3	3	2	2	0	340	2141	0	0	26	157	0	0
10403032	Veselago Piton	ヴェセラゴハーケン	3	3	2	4	0	345	2150	0	0	25	157	0	0
10403033	Xuanwu Mace	玄武甲槌	3	4	2	3	0	320	2045	2480	0	26	151	180	0
10403034	Reindeer Horns	レインディアーホーン	3	3	2	2	0	345	2175	0	0	27	159	0	0
10403035	Avenger Rebirth	アヴェンジャー・リビルド	3	3	2	0	0	416	2540	0	0	28	182	0	0
10403036	Avenger Incendo	アヴェンジャー・ウヌ	3	4	2	0	0	416	2540	2960	0	28	182	213	0
10403037	Avenger Aqua	アヴェンジャー・ドゥ	3	4	2	3	0	416	2540	2960	0	28	182	213	0
10403038	Avenger Terra	アヴェンジャー・トリ	3	4	2	2	0	416	2540	2960	0	28	182	213	0
10403039	Avenger Ventus	アヴェンジャー・クヴァール	3	4	2	1	0	416	2540	2960	0	28	182	213	0
10403040	Avenger Lumen	アヴェンジャー・クヴィン	3	4	2	4	0	416	2540	2960	0	28	182	213	0
10403041	Avenger Nyx	アヴェンジャー・セス	3	4	2	5	0	416	2540	2960	0	28	182	213	0
10403042	Way Flyer	フライアウェイ	3	3	2	0	0	455	2695	0	0	31	193	0	0
10403043	Axe of Bahamut Coda	バハムートアクス・フツルス	3	4	2	5	0	435	2585	3015	0	26	183	214	0
10403044	Mjolnir (Fire)	ミョルニル	3	4	2	0	0	497	2983	3480	0	36	217	250	0
10403045	Mjolnir (Water)	ミョルニル	3	4	2	3	0	497	2983	3480	0	36	217	250	0
10403046	Mjolnir (Earth)	ミョルニル	3	4	2	2	0	497	2983	3480	0	36	217	250	0
10403047	Mjolnir (Wind)	ミョルニル	3	4	2	1	0	497	2983	3480	0	36	217	250	0
10403048	Mjolnir (Dark)	ミョルニル	3	4	2	5	0	497	2983	3480	0	36	217	250	0
10403049	Cosmic Scythe ATK	サイス・オブ・コスモス	3	3	2	4	0	417	2575	0	0	30	187	0	0
10403050	Cosmic Scythe DEF		3	3	2	4	0	417	2575	0	0	30	187	0	0
10403051	Cosmic Scythe HEAL		3	3	2	4	0	417	2575	0	0	30	187	0	0
10403052	Cosmic Scythe BAL		3	3	2	4	0	417	2575	0	0	30	187	0	0
10403053	Cosmic Scythe SPEC		3	3	2	4	0	417	2575	0	0	30	187	0	0
10403054	Sombre Axe	ブラックアックス	3	4	2	0	0	350	2130	2490	0	23	150	175	0
10403055	Soul Eater	ソウルイーター	3	4	2	5	0	465	2705	3150	0	29	191	220	0
10403056	Onyx Stormbringer	黒旋風	3	3	2	1	0	350	2151	0	0	24	155	0	0
10403057	Mettle	ブラビューラ	3	4	2	2	0	450	2725	3290	0	34	199	240	0
10403058	Solomon's Axe	ソロモンドライブ	3	4	2	2	0	390	2438	2849	0	30	179	209	0
10403059	Fangorn	ファンゴルン	3	3	2	1	0	345	2120	0	0	24	150	0	0
10403060	Swirly Wurst Hammer	マルメテル・ハンマー	3	4	2	2	0	360	2140	2495	0	22	148	174	0
10403061	Split End	スプリットエンド	3	3	2	1	0	445	2685	0	0	29	181	0	0
10403062	Xeno Infernal Flamescythe	六道・灼滅天の刃鎌	3	4	2	0	0	400	2392	2795	0	25	170	199	0
10403063	True Infernal Flamescythe	真・灼滅天の刃鎌	3	4	2	0	0	400	2392	2795	0	25	170	199	0
10403064	Silver Axe Relic		3	4	2	4	0	293	1760	2055	0	21	128	149	0
10403065	Golden Axe Relic		0	4	2	4	0	303	1820	2125	0	22	132	154	0
10403066	Xuanwu Mace Regus	玄武甲槌・王	3	4	2	3	0	320	2045	2480	0	26	151	180	0
10403067	Xuanwu Mace Pontus	玄武甲槌・覇	3	4	2	3	0	320	2045	2480	0	26	151	180	0
10403068	Xuanwu Mace Malus	玄武甲槌・邪	3	4	2	3	0	320	2045	2480	0	26	151	180	0
10403069	Blossom Axe	ブロッサムアクス	3	3	2	3	0	434	2631	0	0	33	191	0	0
10403070	Rose Crystal Axe	ローズクリスタルアクス	3	3	2	1	0	370	2300	0	0	30	210	0	0
10403071	Hermanubis	ヘルマニビス	3	4	2	5	0	415	2463	2980	0	25	174	210	0
10403072	Atma Axe (Fire)	無垢なる竜の斧	3	3	2	0	0	478	2844	0	0	23	165	0	0
10403073	Atma Axe (Water)	無垢なる竜の斧	3	3	2	3	0	478	2844	0	0	23	165	0	0
10403074	Atma Axe (Earth)	無垢なる竜の斧	3	3	2	2	0	478	2844	0	0	23	165	0	0
10403075	Atma Axe (Wind)	無垢なる竜の斧	3	3	2	1	0	478	2844	0	0	23	165	0	0
10403076	Atma Axe (Light)	無垢なる竜の斧	3	3	2	4	0	478	2844	0	0	23	165	0	0
10403077	Atma Axe (Dark)	無垢なる竜の斧	3	3	2	5	0	478	2844	0	0	23	165	0	0
10403078	Ultima Axe (Fire)	オメガファルシャ	3	3	2	0	0	478	3317	0	0	23	193	0	0
10403079	Ultima Axe (Water)	オメガファルシャ	3	3	2	3	0	478	3317	0	0	23	193	0	0
10403080	Ultima Axe (Earth)	オメガファルシャ	3	3	2	2	0	478	3317	0	0	23	193	0	0
10403081	Ultima Axe (Wind)	オメガファルシャ	3	3	2	1	0	478	3317	0	0	23	193	0	0
10403082	Ultima Axe (Light)	オメガファルシャ	3	3	2	4	0	478	3317	0	0	23	193	0	0
10403083	Ultima Axe (Dark)	オメガファルシャ	3	3	2	5	0	478	3317	0	0	23	193	0	0
10403084	Berserker's Barrage (Fire)	ベルセルク・オクス	3	5	2	0	0	416	2544	2960	3380	28	185	213	244
10403085	Berserker's Barrage (Water)	ベルセルク・オクス	3	5	2	3	0	416	2544	2960	3380	28	185	213	244
10403086	Berserker's Barrage (Earth)	ベルセルク・オクス	3	5	2	2	0	416	2544	2960	3380	28	185	213	244
10403087	Berserker's Barrage (Wind)	ベルセルク・オクス	3	5	2	1	0	416	2544	2960	3380	28	185	213	244
10403088	Berserker's Barrage (Light)	ベルセルク・オクス	3	5	2	4	0	416	2544	2960	3380	28	185	213	244
10403089	Berserker's Barrage (Dark)	ベルセルク・オクス	3	5	2	5	0	416	2544	2960	3380	28	185	213	244
10403090	Certificus	サティフィケイト	3	4	2	4	0	460	2800	3385	0	41	232	280	0
10403091	Wurtzite Scythe	ウルツァイトサイズ	3	3	2	2	0	459	2644	0	0	28	189	0	0
10403092	Bell Striker	ベルタワー	3	3	2	1	0	337	2118	0	0	26	154	0	0
10403093	Nibelung Horn	ニーベルン・ホルン	3	4	2	2	0	390	2438	2850	0	30	179	210	0
10403094	Abyss Striker	アビスストライカー	3	4	2	5	0	415	2463	2870	0	25	174	200	0
10403095	Crab Grab	クラブクラブ	3	3	2	2	0	370	2300	0	0	33	207	0	0
10403096	Sephira Emerald Reaper	セフィラの翠鎌	3	3	2	5	0	415	2465	0	0	25	236	0	0
10403097	Banana Bunch	バンチ・オブ・バナナス	3	3	2	3	0	351	2333	0	0	20	110	0	0
10403098	Master Key	マスターキー	3	4	2	5	0	470	2830	3300	0	22	144	166	0
10403099	Schoolbag	スクールバッグ	3	4	2	0	0	329	2129	2580	0	29	159	190	0
10403100	Two-by-Four	ツーバイフォー	3	3	2	0	0	440	2640	0	0	31	190	0	0
10403101	Full Metal Recoil	ハイメタルストック	3	3	2	4	0	450	2890	0	0	30	140	0	0
10403102	Claidheamh Soluis	クレイヴ・ソリッシュ	3	3	2	4	0	442	2646	0	0	31	188	0	0
10403103	Hollowsky Axe	虚空の晶塊	3	4	2	2	0	430	2700	3270	0	34	200	240	0
10403104	Porculius	天干地支鈴・亥之飾	3	3	2	4	0	450	2690	0	0	30	180	0	0
10403105	Scythe of Belial	サイス・オブ・ベリアル	3	3	2	5	0	435	2565	0	0	27	187	0	0
10403106	Scythe of Repudiation	絶対否定の大鎌	3	5	2	0	0	450	2730	3300	3870	30	195	236	277
10403107	Scythe of Renunciation	永遠拒絶の大鎌	3	5	2	0	0	450	2730	3300	3870	30	195	236	277
10403108	Scythe of Darkherald		3	4	2	5	0	435	2565	3100	0	27	187	230	0
10403109	Shark Bite	シャークバイト	3	3	2	5	0	340	2103	0	0	25	156	0	0
10403110	God Incoming	ゴッド・アドヴェント	3	3	2	3	0	330	2175	0	0	27	145	0	0
10403111	All-Might Battle-Axe	英雄王の戦斧	3	4	2	2	0	390	2440	2950	0	30	178	220	0
10403112	Hand Axe	手斧	3	3	2	0	0	449	2840	0	0	30	150	0	0
10404002	Kerykeion	ケーリュケイオン	3	4	2	1	9	350	2095	2530	0	46	277	323	0
10404003	Asclepius Rod	アスクレピオスの杖	3	4	2	4	9	365	2160	2610	0	47	288	335	0
10404008	Prismatic Mace	稜鏡の鎚杖	3	3	2	4	9	370	2230	0	0	50	298	0	0
10404009	Ice Crystal Staff	氷晶杖	3	4	2	3	9	340	2080	2520	0	48	280	326	0
10404010	Sealed Claustrum	封鍵クラウストルム	3	4	2	4	9	365	2195	2560	0	49	293	342	0
10404011	Ouroboros	ウロボロス	3	4	2	2	9	355	2155	2520	0	49	289	337	0
10404012	Illusion Scepter	イリュージョンセプター	3	4	2	0	9	370	2170	2530	0	46	286	334	0
10404013	Sunflower Wand	サンフラワーワンド	3	3	2	0	9	360	2100	0	0	44	276	0	0
10404014	Leviathan Scepter Omega	レヴィアンセプター・マグナ	3	5	2	3	9	305	1940	2270	2430	44	262	306	328
10404015	Colossus Cane Omega	コロッサスケーン・マグナ	3	5	2	0	9	325	1960	2290	2450	40	258	302	324
10404016	Mysterious Wand	アンノウンワンド	3	3	2	1	9	275	1685	0	0	35	240	0	0
10404017	Promise	プロミス	3	3	2	1	9	325	1990	0	0	31	198	0	0
10404018	Five-Soul Staff	五神杖	3	3	2	4	9	330	2040	0	0	44	272	0	0
10404019	Babylon Staff	バビロンの導杖	3	3	2	2	9	275	1730	0	0	38	232	0	0
10404020	Five-Soul Staff Sterling	五神杖・真	3	3	2	4	9	360	2160	0	0	48	288	0	0
10404021	Five-Soul Staff Incendo		3	3	2	0	9	365	2200	0	0	49	290	0	0
10404022	Five-Soul Staff Aqua		3	3	2	3	9	365	2200	0	0	49	290	0	0
10404023	Five-Soul Staff Ventus		3	3	2	1	9	365	2200	0	0	49	290	0	0
10404024	Five-Soul Staff Terra		3	3	2	2	9	365	2200	0	0	49	290	0	0
10404025	Five-Soul Staff Lumen		3	3	2	4	9	365	2200	0	0	49	290	0	0
10404026	Five-Soul Staff Nyx		3	3	2	5	9	365	2200	0	0	49	290	0	0
10404027	Valentine Wand	バレンタインワンド	3	3	2	5	9	300	1755	0	0	33	227	0	0
10404028	Nirvana	ニルヴァーナ・セス	3	3	2	4	9	332	2053	0	0	44	274	0	0
10404029	Keraunos	ケラウノス	3	3	2	2	9	336	2105	0	0	66	231	0	0
10404030	Magus Scepter	マギ・リアリジスセプター	3	3	2	4	9	280	1735	0	0	37	231	0	0
10404031	Five-Soul Staff Cardinal		3	3	2	0	9	365	2420	0	0	49	320	0	0
10404032	Five-Soul Staff Cobalt		3	3	2	3	9	365	2420	0	0	49	320	0	0
10404033	Five-Soul Staff Sage		3	3	2	1	9	365	2420	0	0	49	320	0	0
10404034	Five-Soul Staff Ecru		3	3	2	2	9	365	2420	0	0	49	320	0	0
10404035	Five-Soul Staff Ivory		3	3	2	4	9	365	2420	0	0	49	320	0	0
10404036	Five-Soul Staff Obsidian		3	3	2	5	9	365	2420	0	0	49	320	0	0
10404037	Staff of Bahamut Nova	バハムートスタッフ・ノヴム	3	3	2	5	9	360	2120	0	0	41	276	0	0
10404038	Kalaurops	カーラウロプス	3	4	2	5	9	380	2180	2530	0	44	284	333	0
10404039	Gotle Bell Cane	ゴトルベルケーン	3	3	2	4	9	240	1500	0	0	32	200	0	0
10404040	Septian Burner	セプティアンバーナー	3	3	2	0	9	315	1900	0	0	39	250	0	0
10404041	Majestic Royal Pole	ハイロイヤルポール	3	3	2	1	9	290	1765	0	0	37	234	0	0
10404042	Ouroboros Treat	トリート・ウロボロス	3	4	2	5	9	385	2215	2670	0	45	289	350	0
10404043	Gambanteinn	ガンバンテイン	3	4	2	4	9	395	2375	2760	0	53	317	380	0
10404044	Holiday Wand	クリスマスワンド	3	3	2	2	9	285	1795	0	0	40	241	0	0
10404045	Nirvana Rebirth		3	3	2	4	9	332	2070	0	0	44	276	0	0
10404046	Nirvana Incendo		3	4	2	0	9	332	2070	2420	0	44	276	322	0
10404047	Nirvana Aqua		3	4	2	3	9	332	2070	2420	0	44	276	322	0
10404048	Nirvana Terra		3	4	2	2	9	332	2070	2420	0	44	276	322	0
10404049	Nirvana Ventus		3	4	2	1	9	332	2070	2420	0	44	276	322	0
10404050	Nirvana Lumen		3	4	2	4	9	332	2070	2420	0	44	276	322	0
10404051	Nirvana Nyx		3	4	2	5	9	332	2070	2420	0	44	276	322	0
10404052	Keraunos Rebirth		3	3	2	2	9	336	2200	0	0	66	232	0	0
10404053	Keraunos Incendo		3	4	2	0	9	336	2200	2570	0	66	232	265	0
10404054	Keraunos Aqua		3	4	2	3	9	336	2200	2570	0	66	232	265	0
10404055	Keraunos Terra		3	4	2	2	9	336	2200	2570	0	66	232	265	0
10404056	Keraunos Ventus		3	4	2	1	9	336	2200	2570	0	66	232	265	0
10404057	Keraunos Lumen		3	4	2	4	9	336	2200	2570	0	66	232	265	0
10404058	Keraunos Nyx		3	4	2	5	9	336	2200	2570	0	66	232	265	0
10404059	Yggdrasil Dewbranch Omega	世界樹の雫枝・マグナ	3	5	2	2	9	310	1945	2270	2430	43	261	305	327
10404060	Kapilavastu	カピラヴァストゥ	3	3	2	3	9	320	2040	0	0	46	276	0	0
10404061	Kapilavastu Rebirth	カピラヴァストゥ・リビルド	3	3	2	3	9	320	2060	0	0	46	278	0	0
10404062	Kapilavastu Incendo	カピラヴァストゥ・ウヌ	3	4	2	0	9	320	2060	2410	0	46	278	320	0
10404063	Kapilavastu Aqua	カピラヴァストゥ・ドゥ	3	4	2	3	9	320	2060	2410	0	46	278	320	0
10404064	Kapilavastu Terra	カピラヴァストゥ・トリ	3	4	2	2	9	320	2060	2410	0	46	278	320	0
10404065	Kapilavastu Ventus	カピラヴァストゥ・クヴァール	3	4	2	1	9	320	2060	2410	0	46	278	320	0
10404066	Kapilavastu Lumen	カピラヴァストゥ・クヴィン	3	4	2	4	9	320	2060	2410	0	46	278	320	0
10404067	Kapilavastu Nyx	カピラヴァストゥ・セス	3	4	2	5	9	320	2060	2410	0	46	278	320	0
10404068	Starblaze Rings	リング・オブ・サン	3	4	2	0	9	375	2205	2550	0	47	291	340	0
10404069	Caduceus (Fire)	カドゥケウス	3	4	2	0	9	407	2441	2850	0	54	325	380	0
10404070	Staff of Bahamut Coda	バハムートスタッフ・フツルス	3	4	2	5	9	360	2120	2475	0	41	276	323	0
10404071	Caduceus (Water)	カドゥケウス	3	4	2	3	9	407	2441	2850	0	54	325	380	0
10404072	Caduceus (Earth)	カドゥケウス	3	4	2	2	9	407	2441	2850	0	54	325	380	0
10404073	Caduceus (Wind)	カドゥケウス	3	4	2	1	9	407	2441	2850	0	54	325	380	0
10404074	Caduceus (Light)	カドゥケウス	3	4	2	4	9	407	2441	2850	0	54	325	380	0
10404075	Caduceus (Dark)	カドゥケウス	3	4	2	5	9	407	2441	2850	0	54	325	380	0
10404076	Cosmic Rod ATK	ロッド・オブ・コスモス	3	3	2	4	9	341	2107	0	0	46	281	0	0
10404077	Cosmic Rod DEF		3	3	2	4	9	341	2107	0	0	46	281	0	0
10404078	Cosmic Rod HEAL		3	3	2	4	9	341	2107	0	0	46	281	0	0
10404079	Cosmic Rod BAL		3	3	2	4	9	341	2107	0	0	46	281	0	0
10404080	Cosmic Rod SPEC		3	3	2	4	9	341	2107	0	0	46	281	0	0
10404081	Magma Rush	マグマストリーム	3	3	2	0	9	295	1770	0	0	36	232	0	0
10404082	Wing of the Pure	ホワイトウイング	3	3	2	1	9	375	2235	0	0	49	297	0	0
10404083	Dream Atlas	夢見の書	3	3	2	3	9	280	1700	0	0	40	235	0	0
10404084	Fonic Rod	フォニックロッド	3	3	2	4	9	280	1730	0	0	37	230	0	0
10404085	Guivre Rod	ウィーブルロッド	3	3	2	5	9	300	1750	0	0	33	226	0	0
10404086	Baihu Fangstaff	白虎牙杖	3	4	2	2	9	265	1675	1960	0	37	225	260	0
10404087	Obscuritas	ブラック・アンド・ダークネス	3	4	2	5	9	343	2019	2355	0	39	262	307	0
10404088	Capulet's Oath	キャピュレティオウス	3	3	2	4	9	370	2165	0	0	46	287	0	0
10404089	Montague's Oath	モンタギュオウス	3	3	2	3	9	380	2175	0	0	44	283	0	0
10404090	Forbidden Inferno	インフェルノリークス	3	3	2	0	9	400	2200	0	0	40	280	0	0
10404091	Stardust Holly Rod	星屑の聖杖	3	3	2	3	9	350	2140	0	0	49	288	0	0
10404092	Gridarvor	グリダーヴォル	3	3	2	5	9	390	2180	0	0	42	282	0	0
10404093	Luna's Friend	ルナのおともだち	3	4	2	5	9	308	1779	2073	0	31	220	231	0
10404094	Wand of Gabriel (SSR)	ワンド・オブ・ガブリエル	3	3	2	3	9	350	2100	0	0	43	280	0	0
10404095	Rose Crystal Wand	ローズクリスタルワンド	3	3	2	0	9	345	2030	0	0	39	260	0	0
10404096	Silver Staff Relic		3	4	2	4	9	240	1440	1680	0	32	192	224	0
10404097	Golden Staff Relic		0	4	2	4	9	248	1490	1738	0	33	198	231	0
10404098	Thyrsus	テュルソス	3	3	2	2	9	395	2185	0	0	41	281	0	0
10404099	Black Ouroboros	ブラック・ウロボロス	3	3	2	5	9	400	2230	0	0	41	274	0	0
10404100	Blue Sphere	ブルースフィア	3	4	2	3	9	375	2300	2780	0	64	335	403	0
10404101	Fire of Prometheus	ファイア・オブ・プロメテウス	3	4	2	0	9	333	2009	2430	0	41	264	320	0
10404102	Atma Staff (Fire)	無垢なる竜の杖	3	3	2	0	9	367	2162	0	0	40	270	0	0
10404103	Atma Staff (Water)	無垢なる竜の杖	3	3	2	3	9	367	2162	0	0	40	270	0	0
10404104	Atma Staff (Earth)	無垢なる竜の杖	3	3	2	2	9	367	2162	0	0	40	270	0	0
10404105	Atma Staff (Wind)	無垢なる竜の杖	3	3	2	1	9	367	2162	0	0	40	270	0	0
10404106	Atma Staff (Light)	無垢なる竜の杖	3	3	2	4	9	367	2162	0	0	40	270	0	0
10404107	Atma Staff (Dark)	無垢なる竜の杖	3	3	2	5	9	367	2162	0	0	40	270	0	0
10404108	Ultima Staff (Fire)	オメガロッド	3	3	2	0	9	367	2525	0	0	40	317	0	0
10404109	Ultima Staff (Water)	オメガロッド	3	3	2	3	9	367	2525	0	0	40	317	0	0
10404110	Ultima Staff (Earth)	オメガロッド	3	3	2	2	9	367	2525	0	0	40	317	0	0
10404111	Ultima Staff (Wind)	オメガロッド	3	3	2	1	9	367	2525	0	0	40	317	0	0
10404112	Ultima Staff (Light)	オメガロッド	3	3	2	4	9	367	2525	0	0	40	317	0	0
10404113	Ultima Staff (Dark)	オメガロッド	3	3	2	5	9	367	2525	0	0	40	317	0	0
10404114	Mysterian Holy Scepter	マナリアンホーリーロッド	3	3	2	1	9	290	1740	0	0	34	227	0	0
10404115	Snack Pole	スナックポール	3	3	2	0	9	380	2185	0	0	44	283	0	0
10404116	Hallowed Pilgrimage (Fire)	聖者の行進	3	5	2	0	9	332	2088	2420	2770	44	288	332	368
10404117	Hallowed Pilgrimage (Water)	聖者の行進	3	5	2	3	9	332	2088	2420	2770	44	288	332	368
10404118	Hallowed Pilgrimage (Earth)	聖者の行進	3	5	2	2	9	332	2088	2420	2770	44	288	332	368
10404119	Hallowed Pilgrimage (Wind)	聖者の行進	3	5	2	1	9	332	2088	2420	2770	44	288	332	368
10404120	Hallowed Pilgrimage (Light)	聖者の行進	3	5	2	4	9	332	2088	2420	2770	44	288	332	368
10404121	Hallowed Pilgrimage (Dark)	聖者の行進	3	5	2	5	9	332	2088	2420	2770	44	288	332	368
10404122	Demonic Longstaff (Fire)	デモンズシャフト	3	5	2	0	9	336	2200	2570	2940	66	232	265	298
10404123	Demonic Longstaff (Water)	デモンズシャフト	3	5	2	3	9	336	2200	2570	2940	66	232	265	298
10404124	Demonic Longstaff (Earth)	デモンズシャフト	3	5	2	2	9	336	2200	2570	2940	66	232	265	298
10404125	Demonic Longstaff (Wind)	デモンズシャフト	3	5	2	1	9	336	2200	2570	2940	66	232	265	298
10404126	Demonic Longstaff (Light)	デモンズシャフト	3	5	2	4	9	336	2200	2570	2940	66	232	265	298
10404127	Demonic Longstaff (Dark)	デモンズシャフト	3	5	2	5	9	336	2200	2570	2940	66	232	265	298
10404128	Sealing Staff	封印の杖	3	4	2	5	9	300	1750	2100	0	32	225	270	0
10404129	Trick Stick	トリートスティック	3	3	2	5	9	298	1749	0	0	33	226	0	0
10404130	Xeno Glacial Dream Staff	六道・氷逆天の戦棍	3	3	2	3	9	310	1940	0	0	43	260	0	0
10404131	True Glacial Dream Staff	真・氷逆天の戦棍	4	4	2	3	9	310	1940	2270	0	43	260	303	0
10404132	Dragon Bar V	D・ビィ	3	3	2	5	9	375	2310	0	0	45	255	0	0
10404133	Architect Frame	アーキテクトベース	3	3	2	5	9	300	1760	0	0	32	225	0	0
10404134	Lunatic Broom (Fire)	ルナティックブルーム	5	5	2	0	9	320	2060	2410	2750	46	278	320	365
10404135	Lunatic Broom (Water)	ルナティックブルーム	5	5	2	3	9	320	2060	2410	2750	46	278	320	365
10404136	Lunatic Broom (Earth)	ルナティックブルーム	5	5	2	2	9	320	2060	2410	2750	46	278	320	365
10404137	Lunatic Broom (Wind)	ルナティックブルーム	5	5	2	1	9	320	2060	2410	2750	46	278	320	365
10404138	Lunatic Broom (Light)	ルナティックブルーム	5	5	2	4	9	320	2060	2410	2750	46	278	320	365
10404139	Lunatic Broom (Dark)	ルナティックブルーム	5	5	2	5	9	320	2060	2410	2750	46	278	320	365
10404140	Medusiana Staff	メドゥシアナ★ステッキ	3	4	2	2	9	341	2086	2520	0	51	307	371	0
10404141	Tyros Scepter	テュロスワンド	3	4	2	3	9	313	1989	2320	0	45	268	310	0
10404142	Abyss Spine	アビススパイン	3	4	2	5	9	343	2019	2350	0	39	262	310	0
10404143	Sephira Emerald Staff		3	3	2	4	9	325	2000	0	0	43	266	0	0
10404144	Returner Staff	リターナースタッフ	3	3	2	1	9	345	2090	0	0	48	310	0	0
10404145	Staff of Divine Justice	司法神の錫杖	3	4	2	4	9	253	1704	2070	0	42	235	280	0
10404146	Majestas	マジェスタス	3	4	2	5	9	345	2020	2440	0	40	262	320	0
10404147	Hollowsky Staff	虚空の拝腕	3	4	2	3	9	350	2200	2660	0	50	300	360	0
10404148	Cat's Tail	キャットテイル	3	3	2	2	9	298	1824	0	0	33	211	0	0
10404149	Silphium	シルフィウム	3	3	2	5	9	329	2073	0	0	54	303	0	0
10404150	Staff of Repudiation	絶対否定の杖	3	5	2	3	9	350	2210	2675	3140	50	296	358	420
10404151	Staff of Renunciation	永遠拒絶の杖	3	5	2	3	9	350	2210	2675	3140	50	296	358	420
10404152	Froststar Staff	氷星の煌杖	3	3	2	3	9	345	2095	0	0	52	300	0	0
10404153	Wand of Charmtide		3	4	2	3	9	350	2100	2540	0	43	280	340	0
10404154	Euripides	エウリピデス	3	3	2	2	9	350	2090	0	0	50	300	0	0
10404155	Trí Bandia	三相女神	3	3	2	1	9	339	2133	0	0	52	293	0	0
10404156	Only for a Cutie	オンリー・プリティ・ガール	3	4	2	3	9	330	2293	2784	0	54	260	312	0
10404157	Savior of Hallowed Ground	聖域の錫杖	3	4	2	3	9	320	2100	2420	0	43	277	320	0
10404158	Scales of Dominion	支配の天秤	3	4	2	5	9	345	2095	2440	0	38	282	320	0
10404159	Forbidden Memories	サマーメモリーリークス	3	3	2	5	9	380	2180	0	0	43	281	0	0
10405000	Gastraphetes	ガストラフェテス	3	4	2	2	3	460	2785	3370	0	32	187	226	0
10405002	Bird Eye	グラッドアイ	3	4	2	0	3	460	2700	3260	0	28	180	218	0
10405003	Tribunal Thunder	裁きの鳴雷	3	4	2	2	3	345	2165	2530	0	24	145	169	0
10405004	Jewel Modele	ジュエルリゾートモデル	3	3	2	1	3	370	2265	0	0	23	150	0	0
10405005	Colossus Carbine Omega	コロッサスカービン・マグナ	3	5	2	0	3	405	2450	2860	3060	24	160	187	201
10405006	Luminiera Bolt Omega	シュヴァリエボルト・マグナ	3	5	2	4	3	395	2440	2850	3050	26	162	189	203
10405007	Far Away	ファラウェイ	3	4	2	1	3	455	2705	3160	0	29	179	208	0
10405008	Ten-Wolf Gun	十狼雷	3	3	2	4	3	415	2550	0	0	27	170	0	0
10405009	Ten-Wolf Gun Sterling	十狼雷・真	3	3	2	4	3	450	2700	0	0	30	180	0	0
10405010	Ten-Wolf Gun Incendo		3	3	2	0	3	460	2740	0	0	30	180	0	0
10405011	Ten-Wolf Gun Aqua		3	3	2	3	3	460	2740	0	0	30	180	0	0
10405012	Ten-Wolf Gun Ventus		3	3	2	1	3	460	2740	0	0	30	180	0	0
10405013	Ten-Wolf Gun Terra		3	3	2	2	3	460	2740	0	0	30	180	0	0
10405014	Ten-Wolf Gun Lumen		3	3	2	4	3	460	2740	0	0	30	180	0	0
10405015	Ten-Wolf Gun Nyx		3	3	2	5	3	460	2740	0	0	30	180	0	0
10405016	Oliver	オリバー	3	3	2	1	3	420	2571	0	0	27	170	0	0
10405017	Ten-Wolf Gun Cardinal		3	3	2	0	3	460	3020	0	0	30	200	0	0
10405018	Ten-Wolf Gun Cobalt		3	3	2	3	3	460	3020	0	0	30	200	0	0
10405019	Ten-Wolf Gun Sage		3	3	2	1	3	460	3020	0	0	30	200	0	0
10405020	Ten-Wolf Gun Ecru		3	3	2	2	3	460	3020	0	0	30	200	0	0
10405021	Ten-Wolf Gun Ivory		3	3	2	4	3	460	3020	0	0	30	200	0	0
10405022	Ten-Wolf Gun Obsidian		3	3	2	5	3	460	3020	0	0	30	200	0	0
10405023	Pistol of Bahamut Nova	バハムートマズル・ノヴム	3	3	2	5	3	445	2645	0	0	24	171	0	0
10405024	Vlisragna	ヴリスラグナ	3	4	2	3	3	440	2690	3140	0	32	182	210	0
10405025	Benedia	ベネディーア	3	4	2	0	3	505	2980	3600	0	31	196	240	0
10405026	Tiamat Bolt Omega	ティアマトボルト・マグナ	3	5	2	1	3	400	2445	2930	3050	25	161	193	202
10405027	Oliver Rebirth		3	3	2	1	3	420	2595	0	0	27	171	0	0
10405028	Oliver Incendo		3	4	2	0	3	420	2595	3030	0	27	171	200	0
10405029	Oliver Aqua		3	4	2	3	3	420	2595	3030	0	27	171	200	0
10405030	Oliver Terra		3	4	2	2	3	420	2595	3030	0	27	171	200	0
10405031	Oliver Ventus		3	4	2	1	3	420	2595	3030	0	27	171	200	0
10405032	Oliver Lumen		3	4	2	4	3	420	2595	3030	0	27	171	200	0
10405033	Oliver Nyx		3	4	2	5	3	420	2595	3030	0	27	171	200	0
10405034	Stratomizer	ストラトゥムバンカー	3	4	2	2	3	445	2695	3260	0	31	181	211	0
10405035	Nebuchad	ネブカドネザル	3	3	2	5	3	435	2585	0	0	24	167	0	0
10405036	Nebuchad Rebirth		3	3	2	5	3	435	2605	0	0	24	169	0	0
10405037	Nebuchad Incendo		3	4	2	0	3	435	2605	3040	0	24	169	200	0
10405038	Nebuchad Aqua		3	4	2	3	3	435	2605	3040	0	24	169	200	0
10405039	Nebuchad Terra		3	4	2	2	3	435	2605	3040	0	24	169	200	0
10405040	Nebuchad Ventus		3	4	2	1	3	435	2605	3040	0	24	169	200	0
10405041	Nebuchad Lumen		3	4	2	4	3	435	2605	3040	0	24	169	200	0
10405042	Nebuchad Nyx		3	4	2	5	3	435	2605	3040	0	24	169	200	0
10405043	AK-4A	エーケイ・フォーエイ	3	4	2	2	3	490	2965	3580	0	34	199	240	0
10405044	Freikugel (Fire)	フライクーゲル	3	4	2	0	3	509	3051	3560	0	34	203	240	0
10405045	Pistol of Bahamut Coda	バハムートマズル・フツルス	3	4	2	5	3	445	2645	3085	0	24	171	200	0
10405046	Freikugel (Water)	フライクーゲル	3	4	2	3	3	509	3051	3560	0	34	203	240	0
10405047	Freikugel (Earth)	フライクーゲル	3	4	2	2	3	509	3051	3560	0	34	203	240	0
10405048	Freikugel (Wind)	フライクーゲル	3	4	2	1	3	509	3051	3560	0	34	203	240	0
10405049	Freikugel (Light)	フライクーゲル	3	4	2	4	3	509	3051	3560	0	34	203	240	0
10405050	Freikugel (Dark)	フライクーゲル	3	4	2	5	3	509	3051	3560	0	34	203	240	0
10405051	Cosmic Rifle ATK	ガン・オブ・コスモス	3	3	2	4	3	426	2633	0	0	29	176	0	0
10405052	Cosmic Rifle DEF		3	3	2	4	3	426	2633	0	0	29	176	0	0
10405053	Cosmic Rifle HEAL		3	3	2	4	3	426	2633	0	0	29	176	0	0
10405054	Cosmic Rifle BAL		3	3	2	4	3	426	2633	0	0	29	176	0	0
10405055	Cosmic Rifle SPEC		3	3	2	4	3	426	2633	0	0	29	176	0	0
10405057	Raphael	ラファエル	3	3	2	4	3	360	2170	0	0	21	142	0	0
10405058	Gigante Launcher	ギガントアームズ	3	3	2	5	3	370	2180	0	0	19	140	0	0
10405059	Meteora	メテオラ	3	4	2	3	3	445	2750	3330	0	35	191	230	0
10405060	Cerberus Order	ケルベロス・オーダー	3	4	2	5	3	375	2215	2585	0	20	142	167	0
10405061	Spymur's Vision	マイムールヴィジョン	3	4	2	2	3	399	2493	2913	0	28	168	196	0
10405062	Phantasmas	サンダー・オブ・ファントム	3	4	2	5	3	424	2518	2938	0	23	163	191	0
10405063	Nightmare Mobilizer	ナイトメアバンカー	3	3	2	2	3	450	2700	0	0	30	180	0	0
10405064	New Year Kadomatsu Gun	穿ち門松	3	3	2	1	3	353	2166	0	0	22	143	0	0
10405065	Silver Gun Relic		3	4	2	4	3	300	1800	2100	0	20	120	140	0
10405066	Golden Gun Relic	黄金の依代の銃	0	4	2	4	3	310	1860	2170	0	21	124	145	0
10405067	Wicked Sick Blaster	超カッコいいライフル	3	3	2	3	3	348	2180	0	0	23	140	0	0
10405068	Atma Gun (Fire)	無垢なる竜の筒	3	3	2	0	3	480	2857	0	0	22	157	0	0
10405069	Atma Gun (Water)	無垢なる竜の筒	3	3	2	3	3	480	2857	0	0	22	157	0	0
10405070	Atma Gun (Earth)	無垢なる竜の筒	3	3	2	2	3	480	2857	0	0	22	157	0	0
10405071	Atma Gun (Wind)	無垢なる竜の筒	3	3	2	1	3	480	2857	0	0	22	157	0	0
10405072	Atma Gun (Light)	無垢なる竜の筒	3	3	2	4	3	480	2857	0	0	22	157	0	0
10405073	Atma Gun (Dark)	無垢なる竜の筒	3	3	2	5	3	480	2857	0	0	22	157	0	0
10405074	Ultima Gun (Fire)	オメガシューター	3	3	2	0	3	480	3332	0	0	22	184	0	0
10405075	Ultima Gun (Water)	オメガシューター	3	3	2	3	3	480	3332	0	0	22	184	0	0
10405076	Ultima Gun (Earth)	オメガシューター	3	3	2	2	3	480	3332	0	0	22	184	0	0
10405077	Ultima Gun (Wind)	オメガシューター	3	3	2	1	3	480	3332	0	0	22	184	0	0
10405078	Ultima Gun (Light)	オメガシューター	3	3	2	4	3	480	3332	0	0	22	184	0	0
10405079	Ultima Gun (Dark)	オメガシューター	3	3	2	5	3	480	3332	0	0	22	184	0	0
10405080	The Storyteller (Fire)	浄瑠璃	3	5	2	0	3	420	2595	3030	3465	27	171	200	229
10405081	The Storyteller (Water)	浄瑠璃	3	5	2	3	3	420	2595	3030	3465	27	171	200	229
10405082	The Storyteller (Earth)	浄瑠璃	3	5	2	2	3	420	2595	3030	3465	27	171	200	229
10405083	The Storyteller (Wind)	浄瑠璃	3	5	2	1	3	420	2595	3030	3465	27	171	200	229
10405084	The Storyteller (Light)	浄瑠璃	3	5	2	4	3	420	2595	3030	3465	27	171	200	229
10405085	The Storyteller (Dark)	浄瑠璃	3	5	2	5	3	420	2595	3030	3465	27	171	200	229
10405087	Jolly Starcracker	セイントスタークラッカー	3	4	2	4	3	456	2707	3163	0	29	177	206	0
10405088	Ruler of Fate	フェイトルーラー	3	4	2	4	3	474	2727	3290	0	25	172	210	0
10405089	Abyss Gaze	アビスルック	3	4	2	5	3	424	2518	2940	0	23	163	190	0
10405090	Tiamat Bolt Prime	ティアマトボルト・オリジン	3	3	2	1	3	454	2696	0	0	29	178	0	0
10405091	Sephira Emerald Blaster		3	3	2	3	3	395	2490	0	0	29	169	0	0
10405092	Railgun	レールガン	3	3	2	4	3	475	2790	0	0	25	160	0	0
10405093	Compact Automatic Pistol	小型自動拳銃	3	4	2	1	3	360	2180	2540	0	20	140	160	0
10405094	White Hawk	ホワイトホーク	3	3	2	3	3	424	2556	0	0	35	206	0	0
10405095	God of a Thousand Demons		3	4	2	5	3	365	2185	2640	0	20	140	170	0
10405096	Arachne	アラクネ	3	4	2	5	3	479	2741	3200	0	24	169	200	0
10405097	Psycho Syringe (Fire)	マッドネスシリンジ	4	5	2	0	3	364	2295	2680	3065	38	231	270	309
10405098	Psycho Syringe (Water)	マッドネスシリンジ	4	5	2	3	3	364	2295	2680	3065	38	231	270	309
10405099	Psycho Syringe (Earth)	マッドネスシリンジ	4	5	2	2	3	364	2295	2680	3065	38	231	270	309
10405100	Psycho Syringe (Wind)	マッドネスシリンジ	4	5	2	1	3	364	2295	2680	3065	38	231	270	309
10405101	Psycho Syringe (Light)	マッドネスシリンジ	4	5	2	4	3	364	2295	2680	3065	38	231	270	309
10405102	Psycho Syringe (Dark)	マッドネスシリンジ	4	5	2	5	3	364	2295	2680	3065	38	231	270	309
10405103	Ishtar	イシュタル	3	3	2	5	3	475	2740	0	0	25	170	0	0
10405104	Meteor's Light	ミーティアライト	3	3	2	4	3	385	2205	0	0	15	135	0	0
10405105	SHRIMP Spreader	エビスプレッダー	3	3	2	0	3	363	2195	0	0	20	139	0	0
10405106	John Doe (Fire)	ジョン・ドゥ	4	5	2	0	3	435	2605	3040	3475	24	169	200	231
10405107	John Doe (Water)	ジョン・ドゥ	4	5	2	3	3	435	2605	3040	3475	24	169	200	231
10405108	John Doe (Earth)	ジョン・ドゥ	4	5	2	2	3	435	2605	3040	3475	24	169	200	231
10405109	John Doe (Wind)	ジョン・ドゥ	4	5	2	1	3	435	2605	3040	3475	24	169	200	231
10405110	John Doe (Light)	ジョン・ドゥ	4	5	2	4	3	435	2605	3040	3475	24	169	200	231
10405111	John Doe (Dark)	ジョン・ドゥ	4	5	2	5	3	435	2605	3040	3475	24	169	200	231
10405112	Clarion	クラリオン	3	4	2	3	3	385	2425	2940	0	27	163	200	0
10405113	V.A.R.I.S.	ヴァリス	3	4	2	1	3	355	2160	2610	0	24	150	180	0
10405114	Summer's Mirage	夏ノ陽炎	3	4	2	0	3	348	2110	2551	0	20	138	168	0
10405115	Sol Flamma	ソル・フラマ	3	3	2	4	3	393	2431	0	0	26	162	0	0
10405116	Flamma Orbis	フラマ・オルビス	4	4	2	4	3	393	2431	2840	0	26	162	189	0
10406000	Lion Khan Claw	獅子王戦拳	3	4	2	4	6	390	2350	2840	0	42	250	302	0
10406002	Crimson Finger	クリムゾンフィンガー	3	4	2	0	6	400	2360	2850	0	40	248	300	0
10406004	Manawydan Gauntlet	マナウィダンガントレ	3	3	2	3	6	295	1880	0	0	34	202	0	0
10406005	Tiamat Gauntlet Omega	ティアマトガントレ・マグナ	3	5	2	1	6	350	2130	2560	2670	35	224	269	281
10406006	Coco & Mimi	ココ＆ミミ	3	4	2	5	6	410	2380	2770	0	38	245	286	0
10406007	Colossus Fist Omega	コロッサスフィスト・マグナ	3	5	2	0	6	355	2135	2490	2670	34	223	261	280
10406008	Six-Ruin Fist	六崩拳	3	3	2	4	6	360	2220	0	0	38	236	0	0
10406009	Sunset Fan	紅陽扇	3	4	2	4	6	305	1890	2210	0	32	200	234	0
10406010	Six-Ruin Fist Sterling	六崩拳・真	3	3	2	4	6	400	2340	0	0	40	240	0	0
10406011	Six-Ruin Fist Incendo		3	3	2	0	6	400	2400	0	0	42	250	0	0
10406012	Six-Ruin Fist Aqua		3	3	2	3	6	400	2400	0	0	42	250	0	0
10406013	Six-Ruin Fist Ventus		3	3	2	1	6	400	2400	0	0	42	250	0	0
10406014	Six-Ruin Fist Terra		3	3	2	2	6	400	2400	0	0	42	250	0	0
10406015	Six-Ruin Fist Lumen		3	3	2	4	6	400	2400	0	0	42	250	0	0
10406016	Six-Ruin Fist Nyx		3	3	2	5	6	400	2400	0	0	42	250	0	0
10406017	Hellion Gauntlet	鬼神の籠手	3	3	2	0	6	372	2245	0	0	36	235	0	0
10406018	Six-Ruin Fist Cardinal		3	3	2	0	6	400	2630	0	0	42	280	0	0
10406019	Six-Ruin Fist Cobalt		3	3	2	3	6	400	2630	0	0	42	280	0	0
10406020	Six-Ruin Fist Sage		3	3	2	1	6	400	2630	0	0	42	280	0	0
10406021	Six-Ruin Fist Ecru		3	3	2	2	6	400	2630	0	0	42	280	0	0
10406022	Six-Ruin Fist Ivory		3	3	2	4	6	400	2630	0	0	42	280	0	0
10406023	Six-Ruin Fist Obsidian		3	3	2	5	6	400	2630	0	0	42	280	0	0
10406024	Fist of Bahamut Nova	バハムートナックル・ノヴム	3	3	2	5	6	390	2305	0	0	35	239	0	0
10406025	Scarlet Vane	緋舞扇	3	4	2	3	6	380	2340	2730	0	44	252	290	0
10406026	Mammon Glove	マモーナスグローブ	3	3	2	1	6	310	1890	0	0	31	199	0	0
10406027	Gigante Fist	ギガントナックル	3	3	2	4	6	310	1910	0	0	33	203	0	0
10406028	Gauntlets	リスレット	3	3	2	4	6	300	1880	0	0	33	201	0	0
10406029	Brahma Gauntlet	梵天添甲	3	4	2	0	6	415	2440	2840	0	41	256	300	0
10406030	Baihu Claw	白虎咆拳	3	4	2	2	6	290	1825	2210	0	32	195	236	0
10406031	Street Weapon	ストリートファイト	3	3	2	3	6	285	1820	0	0	33	196	0	0
10406032	Hellion Gauntlet Rebirth		3	3	2	0	6	372	2265	0	0	36	237	0	0
10406033	Hellion Gauntlet Incendo		3	4	2	0	6	372	2265	2640	0	36	237	277	0
10406034	Hellion Gauntlet Aqua		3	4	2	3	6	372	2265	2640	0	36	237	277	0
10406035	Hellion Gauntlet Terra		3	4	2	2	6	372	2265	2640	0	36	237	277	0
10406036	Hellion Gauntlet Ventus		3	4	2	1	6	372	2265	2640	0	36	237	277	0
10406037	Hellion Gauntlet Lumen		3	4	2	4	6	372	2265	2640	0	36	237	277	0
10406038	Hellion Gauntlet Nyx		3	4	2	5	6	372	2265	2640	0	36	237	277	0
10406039	Scissorhands	シザーハンズ	3	3	2	5	6	360	2140	0	0	21	150	0	0
10406040	Ancient Auberon	オールド・オベロン	3	3	2	3	6	342	2166	0	0	39	233	0	0
10406041	Auberon	オベロン	3	3	2	3	6	342	2166	0	0	39	233	0	0
10406042	Sky Piercer (Fire)	方天画戟	3	4	2	0	6	463	2678	3120	0	43	278	330	0
10406043	Celeste Claw Omega	セレストクロー・マグナ	3	5	2	5	6	365	2145	2500	2680	32	221	259	278
10406044	Fist of Bahamut Coda	バハムートナックル・フツルス	3	4	2	5	6	390	2305	2690	0	35	239	280	0
10406045	Sky Piercer (Water)	方天画戟	3	4	2	3	6	463	2678	3120	0	43	278	330	0
10406046	Sky Piercer (Earth)	方天画戟	3	4	2	2	6	463	2678	3120	0	43	278	330	0
10406047	Sky Piercer (Wind)	方天画戟	3	4	2	1	6	463	2678	3120	0	43	278	330	0
10406048	Sky Piercer (Light)	方天画戟	3	4	2	4	6	463	2678	3120	0	43	278	330	0
10406049	Sky Piercer (Dark)	方天画戟	3	4	2	5	6	463	2678	3120	0	43	278	330	0
10406050	Cosmic Gauntlet ATK	ガントレット・オブ・コスモス	3	3	2	4	6	371	2294	0	0	40	243	0	0
10406051	Cosmic Gauntlet DEF		3	3	2	4	6	371	2294	0	0	40	243	0	0
10406052	Cosmic Gauntlet HEAL		3	3	2	4	6	371	2294	0	0	40	243	0	0
10406053	Cosmic Gauntlet BAL		3	3	2	4	6	371	2294	0	0	40	243	0	0
10406054	Cosmic Gauntlet SPEC		3	3	2	4	6	371	2294	0	0	40	243	0	0
10406055	Poison Hand	毒手	3	3	2	2	6	290	1860	0	0	36	204	0	0
10406056	Magma Gauntlet	マグマガントレット	3	3	2	0	6	410	2400	0	0	40	252	0	0
10406057	Ancient Bandages	エンシェントバンテージ	3	3	2	2	6	385	2345	0	0	43	251	0	0
10406058	Xuanwu Shellfists	玄武殻拳	3	4	2	3	6	285	1820	2130	0	33	196	230	0
10406059	Cute Ribbon	リボン	3	3	2	5	6	410	2365	0	0	37	245	0	0
10406060	Wilhelm	ヴィルヘルム	3	4	2	3	6	337	2161	2527	0	40	234	273	0
10406061	Blushing Blossom Pin	天華簪	3	3	2	0	6	390	2325	0	0	41	253	0	0
10406062	Souval Gauntlet	スヴァルガントレット	3	3	2	0	6	310	1900	0	0	31	197	0	0
10406064	Gauntlet of Uriel (SSR)	グローブ・オブ・ウリエル	3	3	2	2	6	390	2300	0	0	35	240	0	0
10406065	Silver Gauntlet Relic		3	4	2	4	6	261	1570	1831	0	28	166	194	0
10406066	Golden Gauntlet Relic		0	4	2	4	6	270	1620	1890	0	29	172	201	0
10406067	Metal Hand	メタルハンド	3	3	2	3	6	390	2350	0	0	42	250	0	0
10406068	Baihu Claw Regus	白虎咆拳・王	3	4	2	2	6	290	1825	2210	0	32	195	236	0
10406069	Baihu Claw Pontus	白虎咆拳・覇	3	4	2	2	6	290	1825	2210	0	32	195	236	0
10406070	Baihu Claw Malus	白虎咆拳・邪	3	4	2	2	6	290	1825	2210	0	32	195	236	0
10406071	Huanglong Gauntlet	黄龍拳	3	5	2	4	6	370	2300	2690	3080	40	242	281	320
10406072	Deirdre's Claws	ディアドリッククロー	3	4	2	1	6	391	2340	2830	0	41	250	300	0
10406073	Pink Fan	桃色の団扇	3	4	2	1	6	310	1900	2215	0	29	197	231	0
10406074	Rose Crystal Claw	ローズクリスタルクロー	3	3	2	2	6	360	2200	0	0	40	235	0	0
10406075	Atma Fist (Fire)	無垢なる竜の爪	3	3	2	0	6	393	2328	0	0	35	237	0	0
10406076	Atma Fist (Water)	無垢なる竜の爪	3	3	2	3	6	393	2328	0	0	35	237	0	0
10406077	Atma Fist (Earth)	無垢なる竜の爪	3	3	2	2	6	393	2328	0	0	35	237	0	0
10406078	Atma Fist (Wind)	無垢なる竜の爪	3	3	2	1	6	393	2328	0	0	35	237	0	0
10406079	Atma Fist (Light)	無垢なる竜の爪	3	3	2	4	6	393	2328	0	0	35	237	0	0
10406080	Atma Fist (Dark)	無垢なる竜の爪	3	3	2	5	6	393	2328	0	0	35	237	0	0
10406081	Ultima Claw (Fire)	オメガクロー	3	3	2	0	6	393	2717	0	0	35	277	0	0
10406082	Ultima Claw (Water)	オメガクロー	3	3	2	3	6	393	2717	0	0	35	277	0	0
10406083	Ultima Claw (Earth)	オメガクロー	3	3	2	2	6	393	2717	0	0	35	277	0	0
10406084	Ultima Claw (Wind)	オメガクロー	3	3	2	1	6	393	2717	0	0	35	277	0	0
10406085	Ultima Claw (Light)	オメガクロー	3	3	2	4	6	393	2717	0	0	35	277	0	0
10406086	Ultima Claw (Dark)	オメガクロー	3	3	2	5	6	393	2717	0	0	35	277	0	0
10406087	Urchin Fist	ウーチンフィスト	3	3	2	0	6	310	1885	0	0	30	200	0	0
10406088	Tlepilli	トレピリ	3	3	2	3	6	346	2224	0	0	50	274	0	0
10406089	Draco Claw	ドラグクロー	3	3	2	0	6	441	2571	0	0	30	207	0	0
10406090	Gothic Cutlery	ゴシックカトラリー	3	3	2	4	6	412	2469	0	0	36	219	0	0
10406091	Championship Belt (Fire)	チャンピオンベルト	3	5	2	0	6	372	2268	2640	3015	36	241	277	317
10406092	Championship Belt (Water)	チャンピオンベルト	3	5	2	3	6	372	2268	2640	3015	36	241	277	317
10406093	Championship Belt (Earth)	チャンピオンベルト	3	5	2	2	6	372	2268	2640	3015	36	241	277	317
10406094	Championship Belt (Wind)	チャンピオンベルト	3	5	2	1	6	372	2268	2640	3015	36	241	277	317
10406095	Championship Belt (Light)	チャンピオンベルト	3	5	2	4	6	372	2268	2640	3015	36	241	277	317
10406096	Championship Belt (Dark)	チャンピオンベルト	3	5	2	5	6	372	2268	2640	3015	36	241	277	317
10406097	Canisius	天干地支爪・戌之飾	3	3	2	3	6	390	2339	0	0	41	250	0	0
10406098	Hand of Brahman	ブラフマンガントレ	3	4	2	0	6	362	2186	2550	0	35	229	270	0
10406099	Mittron's Gauntlet	ミトロンの籠手	3	4	2	4	6	352	2176	2540	0	37	231	270	0
10406100	Sephira Emerald Duke		3	3	2	2	6	350	2175	0	0	38	232	0	0
10406101	Kicking Enhancement Shoes	キック力増強シューズ	3	4	2	4	6	315	1880	2190	0	30	200	230	0
10406105	Emperor's Hand	デスハンド	3	3	2	5	6	313	1935	0	0	30	190	0	0
10406106	Wyrmtiger Claw	龍虎双滅拳	3	4	2	2	6	366	2239	2600	0	46	270	320	0
10406107	Ruling Pen	ルーリングペン	3	3	2	5	6	401	2344	0	0	39	249	0	0
10406108	Rainbow Bracelet	レインボーブレス	3	4	2	4	6	315	1882	2270	0	30	200	240	0
10406109	Neko Punch Pro	ネコパンチ・プロ	3	3	2	2	6	416	2499	0	0	33	218	0	0
10406110	Arkab	アルカブ	3	3	2	1	6	357	2142	0	0	33	220	0	0
10406111	Arkab Prior	アルカブ・プリオル	3	4	2	1	6	357	2142	2500	0	33	220	257	0
10406112	Psycho Gauntlet	サイコガントレット	3	3	2	2	6	300	1882	0	0	32	200	0	0
10406113	Gauntlet of Proudearth		3	4	2	2	6	390	2300	2780	0	35	240	290	0
10406114	True Grit	ド根性グローブ	3	3	2	2	6	303	1882	0	0	32	200	0	0
10406115	Rainbow Hand		3	3	2	2	6	376	2329	0	0	44	252	0	0
10406116	Midnight Radiance	蒼宵光華	3	3	2	2	6	386	2340	0	0	42	252	0	0
10406117	Adamantine Gauntlet	不毀の籠手	3	4	2	4	6	355	2285	2640	0	36	244	280	0
10406118	Nibelung Glas	ニーベルン・グラス	3	4	2	2	6	446	2590	3036	0	30	200	230	0
10406119	Rin's Maracas	凛のマラカス	3	4	2	1	6	308	1887	2282	0	31	199	241	0
10406121	Golden Dragon	ゴールドドラゴン	3	3	2	1	6	396	2500	0	0	40	218	0	0
10407000	Eurytos Bow	エウリュトスボウ	3	4	2	0	1	430	2520	3040	0	36	227	275	0
10407001	Shekhinah Bow	シェキナーの弓	3	4	2	1	1	425	2515	3040	0	37	228	276	0
10407002	Rainbow Bow	虹の弓	3	4	2	3	1	410	2500	3020	0	40	231	279	0
10407003	L'Arc Qui ne Faut	アッキヌフォート	3	4	2	2	1	415	2505	3030	0	39	230	278	0
10407004	Aetherial Bow	エーテリアルボウ	3	4	2	1	1	430	2555	2980	0	38	232	271	0
10407005	Two-Crown Bow	二王弓	3	3	2	4	1	385	2370	0	0	35	217	0	0
10407006	Yggdrasil Bow Omega	世界樹の蔦弓・マグナ	3	5	2	2	1	360	2260	2640	2830	34	208	243	260
10407007	Leviathan Bow Omega	レヴィアンボウ・マグナ	3	5	2	3	1	355	2255	2640	2830	35	209	244	261
10407008	Diablo Bow	ディアボロスボウ	3	4	2	5	1	355	2100	2450	0	27	186	218	0
10407009	Sagittarius Bow	サジタリウスボウ	3	4	2	1	1	330	2020	2358	0	29	183	214	0
10407010	Two-Crown Bow Sterling	二王弓・真	3	3	2	4	1	420	2510	0	0	38	230	0	0
10407011	Two-Crown Bow Incendo		3	3	2	0	1	425	2550	0	0	39	232	0	0
10407012	Two-Crown Bow Aqua		3	3	2	3	1	425	2550	0	0	39	232	0	0
10407013	Two-Crown Bow Ventus		3	3	2	1	1	425	2550	0	0	39	232	0	0
10407014	Two-Crown Bow Terra		3	3	2	2	1	425	2550	0	0	39	232	0	0
10407015	Two-Crown Bow Lumen	二王弓・煌	3	3	2	4	1	425	2550	0	0	39	232	0	0
10407016	Two-Crown Bow Nyx		3	3	2	5	1	425	2550	0	0	39	232	0	0
10407017	Rosenbogen	ローゼンボーゲン	3	3	2	1	1	391	2388	0	0	34	217	0	0
10407018	Two-Crown Bow Cardinal		3	3	2	0	1	425	2800	0	0	39	255	0	0
10407019	Two-Crown Bow Cobalt		3	3	2	3	1	425	2800	0	0	39	255	0	0
10407020	Two-Crown Bow Sage		3	3	2	1	1	425	2800	0	0	39	255	0	0
10407021	Two-Crown Bow Ecru		3	3	2	2	1	425	2800	0	0	39	255	0	0
10407022	Two-Crown Bow Ivory		3	3	2	4	1	425	2800	0	0	39	255	0	0
10407023	Two-Crown Bow Obsidian		3	3	2	5	1	425	2800	0	0	39	255	0	0
10407024	Bow of Bahamut Nova	バハムートボウ・ノヴム	3	3	2	5	1	415	2460	0	0	32	219	0	0
10407025	Heroic Bow	ヒロイックボウ	3	4	2	4	1	435	2525	2940	0	35	224	260	0
10407026	Rosenbogen Rebirth		3	3	2	1	1	391	2388	0	0	34	217	0	0
10407027	Rosenbogen Incendo		3	4	2	0	1	391	2388	2810	0	34	217	256	0
10407028	Rosenbogen Aqua		3	4	2	3	1	391	2388	2810	0	34	217	256	0
10407029	Rosenbogen Terra		3	4	2	2	1	391	2388	2810	0	34	217	256	0
10407030	Rosenbogen Ventus		3	4	2	1	1	391	2388	2810	0	34	217	256	0
10407031	Rosenbogen Lumen		3	4	2	4	1	391	2388	2810	0	34	217	256	0
10407032	Rosenbogen Nyx		3	4	2	5	1	391	2388	2810	0	34	217	256	0
10407033	Roseate Aetherial Bow	ピンク・エーテリアル	3	4	2	0	1	435	2560	3090	0	37	231	280	0
10407034	Ancient Artemis	オールド・アルテミス	3	3	2	4	1	375	2321	0	0	34	212	0	0
10407035	Artemis	アルテミス	3	3	2	4	1	375	2321	0	0	34	212	0	0
10407036	Hercules (Fire)	ヘラクレス	3	4	2	0	1	492	2854	3330	0	39	255	300	0
10407037	Bow of Bahamut Coda	バハムートボウ・フツルス	3	4	2	5	1	415	2460	2870	0	32	219	256	0
10407038	Hercules (Water)	ヘラクレス	3	4	2	3	1	492	2854	3330	0	39	255	300	0
10407039	Hercules (Earth)	ヘラクレス	3	4	2	2	1	492	2854	3330	0	39	255	300	0
10407040	Hercules (Wind)	ヘラクレス	3	4	2	1	1	492	2854	3330	0	39	255	300	0
10407041	Hercules (Light)	ヘラクレス	3	4	2	4	1	492	2854	3330	0	39	255	300	0
10407042	Hercules (Dark)	ヘラクレス	3	4	2	5	1	492	2854	3330	0	39	255	300	0
10407043	Cosmic Bow ATK	アロー・オブ・コスモス	3	3	2	4	1	396	2446	0	0	36	224	0	0
10407044	Cosmic Bow DEF		3	3	2	4	1	396	2446	0	0	36	224	0	0
10407045	Cosmic Bow HEAL		3	3	2	4	1	396	2446	0	0	36	224	0	0
10407046	Cosmic Bow BAL		3	3	2	4	1	396	2446	0	0	36	224	0	0
10407047	Cosmic Bow SPEC		3	3	2	4	1	396	2446	0	0	36	224	0	0
10407048	Dark Thrasher	扇抜	3	3	2	3	1	320	2030	0	0	32	188	0	0
10407050	Fimbul	フィンブル	3	4	2	3	1	320	2030	2370	0	32	188	220	0
10407051	Bow of Sigurd	シグルズの弓	3	4	2	3	1	365	2311	2701	0	36	214	250	0
10407052	Indra's Edge	インドラリム	3	4	2	1	1	380	2326	2716	0	33	211	247	0
10407053	Verona Bow	ヴェローナボウ	3	3	2	3	1	310	1990	0	0	33	188	0	0
10407054	Gallinarius	天干地支弓・酉之飾	3	3	2	2	1	430	2585	0	0	40	238	0	0
10407055	Compound Gadget Bow	マシン・ボウ	3	3	2	2	1	320	2000	0	0	30	186	0	0
10407056	Silver Bow	白銀の弓	3	4	2	1	1	338	2027	2365	0	27	180	211	0
10407057	Ring of Raphael (SSR)	リング・オブ・ラファエル	3	3	2	1	1	420	2460	0	0	31	220	0	0
10407058	Silver Bow Relic		3	4	2	4	1	279	1675	1955	0	25	153	178	0
10407059	Golden Bow Relic		0	4	2	4	1	288	1730	2020	0	26	158	184	0
10407060	Qilin Bow	麒麟弓	3	5	2	5	1	415	2465	2875	3285	32	220	258	296
10407061	Rose Crystal Bow	ローズクリスタルボウ	3	3	2	0	1	370	2250	0	0	33	215	0	0
10407062	Bow of Iliad	イーリアスボウ	3	4	2	4	1	375	2321	2810	0	34	212	260	0
10407063	Atma Bow (Fire)	無垢なる竜の弓	3	3	2	0	1	439	2608	0	0	30	206	0	0
10407064	Atma Bow (Water)	無垢なる竜の弓	3	3	2	3	1	439	2608	0	0	30	206	0	0
10407065	Atma Bow (Earth)	無垢なる竜の弓	3	3	2	2	1	439	2608	0	0	30	206	0	0
10407066	Atma Bow (Wind)	無垢なる竜の弓	3	3	2	1	1	439	2608	0	0	30	206	0	0
10407067	Atma Bow (Light)	無垢なる竜の弓	3	3	2	4	1	439	2608	0	0	30	206	0	0
10407068	Atma Bow (Dark)	無垢なる竜の弓	3	3	2	5	1	439	2608	0	0	30	206	0	0
10407069	Ultima Bow (Fire)	オメガボウ	3	3	2	0	1	439	3042	0	0	30	241	0	0
10407070	Ultima Bow (Water)	オメガボウ	3	3	2	3	1	439	3042	0	0	30	241	0	0
10407071	Ultima Bow (Earth)	オメガボウ	3	3	2	2	1	439	3042	0	0	30	241	0	0
10407072	Ultima Bow (Wind)	オメガボウ	3	3	2	1	1	439	3042	0	0	30	241	0	0
10407073	Ultima Bow (Light)	オメガボウ	3	3	2	4	1	439	3042	0	0	30	241	0	0
10407074	Ultima Bow (Dark)	オメガボウ	3	3	2	5	1	439	3042	0	0	30	241	0	0
10407075	Maverick (Fire)	メース	3	5	2	0	1	391	2419	2810	3210	34	222	256	293
10407076	Maverick (Water)	メース	3	5	2	3	1	391	2419	2810	3210	34	222	256	293
10407077	Maverick (Earth)	メース	3	5	2	2	1	391	2419	2810	3210	34	222	256	293
10407078	Maverick (Wind)	メース	3	5	2	1	1	391	2419	2810	3210	34	222	256	293
10407079	Maverick (Light)	メース	3	5	2	4	1	391	2419	2810	3210	34	222	256	293
10407080	Maverick (Dark)	メース	3	5	2	5	1	391	2419	2810	3210	34	222	256	293
10407081	Sharom Bow	シャローム・ボウ	3	3	2	5	1	345	2030	0	0	25	180	0	0
10407082	Gandiva	ガーンディーヴァ	3	3	2	2	1	441	2623	0	0	37	228	0	0
10407083	Tyros Bow	テュロスボウ	3	4	2	3	1	365	2311	2700	0	36	214	250	0
10407084	Mittron's Bow	ミトロンの弓	3	4	2	4	1	375	2321	2710	0	34	212	250	0
10407085	Sephira Emerald Bow		3	3	2	1	1	380	2330	0	0	33	211	0	0
10407086	Arjunan Bow	アルジュナン・ボウ	3	3	2	0	1	430	2505	0	0	35	230	0	0
10407087	Taisai Spirit Bow	太歳精弓	3	4	2	3	1	420	2500	3020	0	50	300	363	0
10407088	Levin Shooter	レヴィオンシューター	3	4	2	4	1	410	2400	2800	0	40	255	300	0
10407089	Hollowsky Bow	虚空の歪弦	3	4	2	4	1	420	2580	3120	0	37	234	280	0
10407090	Purifying Thunderbolt	悪滅の雷	3	4	2	0	1	508	2800	3373	0	32	242	295	0
10407091	Ring of Wandergale		3	4	2	1	1	420	2460	2970	0	31	220	270	0
10407092	Unius	ウニウス	3	4	2	1	1	380	2440	2820	0	33	217	250	0
10407093	Eon	アイオーン	3	3	2	4	1	380	2350	0	0	45	260	0	0
10408000	Luminiera Harp Omega	シュヴァリエハープ・マグナ	3	5	2	4	4	325	2005	2340	2510	61	218	249	265
10408001	Celeste Harp Omega	セレストハープ・マグナ	3	5	2	5	4	345	2025	2360	2530	57	214	245	261
10408002	Ocean Harp	オーシャンハープ	3	3	2	3	4	360	2210	0	0	73	245	0	0
10408003	Nine-Realm Harp	九界琴	3	3	2	4	4	340	2100	0	0	65	228	0	0
10408004	Nine-Realm Harp Sterling	九界琴・真	3	3	2	4	4	370	2220	0	0	71	243	0	0
10408005	Nine-Realm Harp Incendo		3	3	2	0	4	380	2250	0	0	75	250	0	0
10408006	Nine-Realm Harp Aqua		3	3	2	3	4	380	2250	0	0	75	250	0	0
10408007	Nine-Realm Harp Ventus		3	3	2	1	4	380	2250	0	0	75	250	0	0
10408008	Nine-Realm Harp Terra		3	3	2	2	4	380	2250	0	0	75	250	0	0
10408009	Nine-Realm Harp Lumen		3	3	2	4	4	380	2250	0	0	75	250	0	0
10408010	Nine-Realm Harp Nyx		3	3	2	5	4	380	2250	0	0	75	250	0	0
10408011	Sandcastle Song-Lume	砂城の宮樂弦	3	4	2	2	4	365	2215	2590	0	72	244	280	0
10408012	Branwen Harp	ブランウェンハープ	3	3	2	3	4	275	1770	0	0	57	196	0	0
10408013	Langeleik	ランゲレイク	3	3	2	3	4	331	2100	0	0	67	232	0	0
10408014	Nine-Realm Harp Cardinal		3	3	2	0	4	380	2470	0	0	75	275	0	0
10408015	Nine-Realm Harp Cobalt		3	3	2	3	4	380	2470	0	0	75	275	0	0
10408016	Nine-Realm Harp Sage		3	3	2	1	4	380	2470	0	0	75	275	0	0
10408017	Nine-Realm Harp Ecru		3	3	2	2	4	380	2470	0	0	75	275	0	0
10408018	Nine-Realm Harp Ivory		3	3	2	4	4	380	2470	0	0	75	275	0	0
10408019	Nine-Realm Harp Obsidian		3	3	2	5	4	380	2470	0	0	75	275	0	0
10408020	Harp of Bahamut Nova	バハムートハープ・ノヴム	3	3	2	5	4	370	2180	0	0	63	231	0	0
10408021	Mobius Strip	メビウス	3	4	2	0	4	380	2230	2600	0	69	241	280	0
10408022	Escalus Harp	エスカラスハープ	3	3	2	0	4	295	1790	0	0	53	192	0	0
10408023	Anemoi Silver Lyre	アネモイの銀琴	3	3	2	1	4	320	1950	0	0	59	211	0	0
10408024	Cords of Heaven Lillah	神授のリラ	3	4	2	1	4	375	2225	2595	0	70	242	276	0
10408025	Froggly Bell	カエールベル	3	3	2	1	4	290	1785	0	0	55	195	0	0
10408026	Melodic Sphere	メロディックスフィア	3	4	2	3	4	365	2245	2720	0	74	249	284	0
10408027	Snowy Mobius Strip	スノウリィメビウス	3	3	2	4	4	370	2210	0	0	70	242	0	0
10408028	Langeleik Rebirth		3	3	2	3	4	331	2120	0	0	67	233	0	0
10408029	Langeleik Incendo		3	4	2	0	4	331	2120	2480	0	67	233	266	0
10408030	Langeleik Aqua		3	4	2	3	4	331	2120	2480	0	67	233	266	0
10408031	Langeleik Terra		3	4	2	2	4	331	2120	2480	0	67	233	266	0
10408032	Langeleik Ventus		3	4	2	1	4	331	2120	2480	0	67	233	266	0
10408033	Langeleik Lumen		3	4	2	4	4	331	2120	2480	0	67	233	266	0
10408034	Langeleik Nyx		3	4	2	5	4	331	2120	2480	0	67	233	266	0
10408035	Ancient Perseus	オールド・ペルセウス	3	3	2	2	4	322	2044	0	0	65	226	0	0
10408036	Perseus	ペルセウス	3	3	2	2	4	322	2044	0	0	65	226	0	0
10408037	Ullikummi (Fire)	ウルリクムミ	3	4	2	0	4	438	2529	2950	0	76	271	310	0
10408038	Harp of Bahamut Coda	バハムートハープ・フツルス	3	4	2	5	4	370	2180	2545	0	63	231	264	0
10408039	Ullikummi (Water)	ウルリクムミ	3	4	2	3	4	438	2529	2950	0	76	271	310	0
10408040	Ullikummi (Earth)	ウルリクムミ	3	4	2	2	4	438	2529	2950	0	76	271	310	0
10408041	Ullikummi (Wind)	ウルリクムミ	3	4	2	1	4	438	2529	2950	0	76	271	310	0
10408042	Ullikummi (Light)	ウルリクムミ	3	4	2	4	4	438	2529	2950	0	76	271	310	0
10408043	Ullikummi (Dark)	ウルリクムミ	3	4	2	5	4	438	2529	2950	0	76	271	310	0
10408044	Cosmic Harp ATK	ハープ・オブ・コスモス	3	3	2	4	4	351	2165	0	0	67	236	0	0
10408045	Cosmic Harp DEF		3	3	2	4	4	351	2165	0	0	67	236	0	0
10408046	Cosmic Harp HEAL		3	3	2	4	4	351	2165	0	0	67	236	0	0
10408047	Cosmic Harp BAL		3	3	2	4	4	351	2165	0	0	67	236	0	0
10408048	Cosmic Harp SPEC		3	3	2	4	4	351	2165	0	0	67	236	0	0
10408050	Golden Blossom	ゴールデンブロッサム	3	3	2	4	4	290	1785	0	0	55	195	0	0
10408051	Zhuque Lyrewings	朱雀翼弦	3	4	2	0	4	290	1740	2020	0	51	186	220	0
10408052	Sleipnir Shoe	スレイプニルシュー	3	4	2	4	4	332	2054	2399	0	63	224	256	0
10408053	Harp of Westerly Winds	西風の竪琴	3	3	2	1	4	300	1800	0	0	52	190	0	0
10408054	Silver Harp Relic		3	4	2	4	4	247	1480	1727	0	47	162	209	0
10408055	Golden Harp Relic		0	4	2	4	4	255	1530	1730	0	49	168	209	0
10408056	Dominion Harp	ドミニオンハープ	3	3	2	4	4	278	1727	0	0	53	188	0	0
10408057	Xeno Judgement Lyre	六道・裁考天の鳴弦	3	4	2	2	4	318	1994	2329	0	63	219	250	0
10408058	True Judgement Lyre	真・裁考天の鳴弦	3	4	2	2	4	318	1994	2329	0	63	219	250	0
10408059	Qilin Lyre	麒麟弦	3	5	2	5	4	370	2185	2550	2915	63	232	266	300
10408060	Fusion Mobius	フュージョンメビウス	3	3	2	4	4	375	2225	0	0	69	240	0	0
10408061	Bella Aeterna	ベッラ・アエテルヌス	3	3	2	2	4	355	2130	0	0	75	260	0	0
10408062	Bell of Happy Endings	ハッピーエンドベル	3	3	2	1	4	350	2170	0	0	75	250	0	0
10408063	Rose Crystal Harp	ローズクリスタルハープ	3	3	2	3	4	360	2120	0	0	40	240	0	0
10408064	Atma Harp (Fire)	無垢なる竜の弦	3	3	2	0	4	381	2245	0	0	61	224	0	0
10408065	Atma Harp (Water)	無垢なる竜の弦	3	3	2	3	4	381	2245	0	0	61	224	0	0
10408066	Atma Harp (Earth)	無垢なる竜の弦	3	3	2	2	4	381	2245	0	0	61	224	0	0
10408067	Atma Harp (Wind)	無垢なる竜の弦	3	3	2	1	4	381	2245	0	0	61	224	0	0
10408068	Atma Harp (Light)	無垢なる竜の弦	3	3	2	4	4	381	2245	0	0	61	224	0	0
10408069	Atma Harp (Dark)	無垢なる竜の弦	3	3	2	5	4	381	2245	0	0	61	224	0	0
10408070	Ultima Harp (Fire)	オメガストリング	3	3	2	0	4	381	2621	0	0	61	256	0	0
10408071	Ultima Harp (Water)	オメガストリング	3	3	2	3	4	381	2621	0	0	61	256	0	0
10408072	Ultima Harp (Earth)	オメガストリング	3	3	2	2	4	381	2621	0	0	61	256	0	0
10408073	Ultima Harp (Wind)	オメガストリング	3	3	2	1	4	381	2621	0	0	61	256	0	0
10408074	Ultima Harp (Light)	オメガストリング	3	3	2	4	4	381	2621	0	0	61	256	0	0
10408075	Ultima Harp (Dark)	オメガストリング	3	3	2	5	4	381	2621	0	0	61	256	0	0
10408076	Chanteuse Angelique (Fire)	シャンゼリゼ	3	5	2	0	4	331	2149	2480	2840	67	199	266	299
10408077	Chanteuse Angelique (Water)	シャンゼリゼ	3	5	2	3	4	331	2149	2480	2840	67	199	266	299
10408078	Chanteuse Angelique (Earth)	シャンゼリゼ	3	5	2	2	4	331	2149	2480	2840	67	199	266	299
10408079	Chanteuse Angelique (Wind)	シャンゼリゼ	3	5	2	1	4	331	2149	2480	2840	67	199	266	299
10408080	Chanteuse Angelique (Light)	シャンゼリゼ	3	5	2	4	4	331	2149	2480	2840	67	199	266	299
10408081	Chanteuse Angelique (Dark)	シャンゼリゼ	3	5	2	5	4	331	2149	2480	2840	67	199	266	299
10408082	Tyros Zither	テュロスビネット	3	4	2	3	4	322	2044	2390	0	65	226	260	0
10408083	Last Storm Harp	ラストストームハープ	3	4	2	1	4	337	2059	2400	0	62	223	260	0
10408084	Sephira Emerald Harp		3	3	2	3	4	325	2045	0	0	65	226	0	0
10408085	Cythara Anglica	キタラアングリカ	3	3	2	1	4	329	2013	0	0	72	282	0	0
10408086	Renaissance Harp	ルネサンス・ハープ	3	3	2	2	4	298	1872	0	0	53	175	0	0
10408087	Distant Requiem	ディスタント・レクイエム	3	4	2	5	4	389	2233	2622	0	66	238	304	0
10408088	Golden Bell	ゴールデンベル	3	3	2	0	4	293	1780	0	0	55	194	0	0
10408089	Goldslime Bell		3	3	2	4	4	265	1620	0	0	65	255	0	0
10408090	Silverslime Bell	シルバースライムベル	3	3	2	5	4	270	1670	0	0	60	250	0	0
10408091	Unheil	ウン・ハイル	3	4	2	5	4	431	2505	3024	0	72	252	297	0
10408092	Harp of the Teachers		3	3	2	4	4	355	2200	0	0	65	230	0	0
10408093	Another Sky	アナザースカイ	3	3	2	1	4	370	2222	0	0	70	240	0	0
10408094	Harp of Repudiation	絶対否定の竪琴	3	5	2	2	4	365	2265	2740	3215	70	250	295	340
10408095	Harp of Renunciation	永遠拒絶の竪琴	3	5	2	2	4	365	2265	2740	3215	70	250	295	340
10408096	Harp of Everlore		3	4	2	4	4	355	2200	2660	0	65	230	270	0
10408097	Dante's Harp		3	3	2	3	4	313	1989	0	0	64	220	0	0
10408098	Dante Alighieri		4	4	2	3	4	313	1989	2325	0	64	220	251	0
10408099	Spring's Whisperings	春ノ柔風	3	4	2	1	4	283	1732	2094	0	52	187	221	0
10409000	Asura	阿修羅	3	4	2	0	5	455	2675	3230	0	30	186	225	0
10409001	Venustas	丙子椒林剣	3	4	2	2	5	440	2660	3100	0	33	189	220	0
10409002	Exitosus	鬼丸国綱	3	4	2	3	5	435	2655	3210	0	34	190	229	0
10409003	Murakumo	天叢雲剣	3	3	2	4	5	411	2543	0	0	30	179	0	0
10409004	Muramasa	千子村正	3	3	2	5	5	431	2563	0	0	26	175	0	0
10409005	Eight-Life Katana	八命切	3	3	2	4	5	410	2530	0	0	30	178	0	0
10409006	Eight-Life Katana Sterling	八命切・真	3	3	2	4	5	445	2675	0	0	31	188	0	0
10409007	Eight-Life Katana Incendo		3	3	2	0	5	455	2720	0	0	33	190	0	0
10409008	Eight-Life Katana Aqua		3	3	2	3	5	455	2720	0	0	33	190	0	0
10409009	Eight-Life Katana Ventus	八命切・凪	3	3	2	1	5	455	2720	0	0	33	190	0	0
10409010	Eight-Life Katana Terra		3	3	2	2	5	455	2720	0	0	33	190	0	0
10409011	Eight-Life Katana Lumen		3	3	2	4	5	455	2720	0	0	33	190	0	0
10409012	Eight-Life Katana Nyx		3	3	2	5	5	455	2720	0	0	33	190	0	0
10409013	Blade of Bahamut Nova	バハムートブレイド・ノヴム	3	3	2	5	5	440	2620	0	0	26	179	0	0
10409014	Eight-Life Katana Cardinal		3	3	2	0	5	455	2990	0	0	33	210	0	0
10409015	Eight-Life Katana Cobalt		3	3	2	3	5	455	2990	0	0	33	210	0	0
10409016	Eight-Life Katana Sage		3	3	2	1	5	455	2990	0	0	33	210	0	0
10409017	Eight-Life Katana Ecru		3	3	2	2	5	455	2990	0	0	33	210	0	0
10409018	Eight-Life Katana Ivory		3	3	2	4	5	455	2990	0	0	33	210	0	0
10409019	Eight-Life Katana Obsidian		3	3	2	5	5	455	2990	0	0	33	210	0	0
10409020	Thalassinus	薄緑	3	4	2	1	5	450	2680	3240	0	31	187	226	0
10409021	Dragon Slayer	ドラゴンスレイヤー	3	4	2	1	5	460	2725	3180	0	32	191	220	0
10409022	Second Star	ニバンボシ	3	3	2	5	5	360	2160	0	0	22	148	0	0
10409023	Swordfish	太刀魚	3	3	2	3	5	335	2140	0	0	27	153	0	0
10409024	Mikazuki	三日月	3	3	2	5	5	465	2695	0	0	28	184	0	0
10409025	Ray of Zhuque	朱雀光剣	3	4	2	0	5	345	2090	2530	0	22	145	175	0
10409026	Fudo-Kuniyuki	不動国行	3	4	2	5	5	475	2740	3200	0	29	188	220	0
10409027	Colossus Blade Omega	コロッサスブレード・マグナ	3	5	2	0	5	400	2425	2830	3030	26	168	196	210
10409028	Murakumo Rebirth		3	3	2	4	5	411	2565	0	0	30	181	0	0
10409029	Murakumo Incendo		3	4	2	0	5	411	2565	3000	0	30	181	211	0
10409030	Murakumo Aqua		3	4	2	3	5	411	2565	3000	0	30	181	211	0
10409031	Murakumo Terra		3	4	2	2	5	411	2565	3000	0	30	181	211	0
10409032	Murakumo Ventus		3	4	2	1	5	411	2565	3000	0	30	181	211	0
10409033	Murakumo Lumen		3	4	2	4	5	411	2565	3000	0	30	181	211	0
10409034	Murakumo Nyx		3	4	2	5	5	411	2565	3000	0	30	181	211	0
10409035	Muramasa Rebirth		3	3	2	5	5	431	2585	0	0	26	177	0	0
10409036	Muramasa Incendo		3	4	2	0	5	431	2585	3020	0	26	177	207	0
10409037	Muramasa Aqua		3	4	2	3	5	431	2585	3020	0	26	177	207	0
10409038	Muramasa Terra		3	4	2	2	5	431	2585	3020	0	26	177	207	0
10409039	Muramasa Ventus		3	4	2	1	5	431	2585	3020	0	26	177	207	0
10409040	Muramasa Lumen		3	4	2	4	5	431	2585	3020	0	26	177	207	0
10409041	Muramasa Nyx		3	4	2	5	5	431	2585	3020	0	26	177	207	0
10409042	Dormius	天干地支刀・申之飾	3	3	2	4	5	465	2770	0	0	32	194	0	0
10409043	Ameno Habakiri (Fire)	天羽々斬	3	4	2	0	5	504	3024	3530	0	37	213	250	0
10409044	Blade of Bahamut Coda	バハムートブレイド・フツルス	3	4	2	5	5	440	2620	3060	0	26	179	209	0
10409045	Ameno Habakiri (Water)	天羽々斬	3	4	2	3	5	504	3024	3530	0	37	213	250	0
10409046	Ameno Habakiri (Earth)	天羽々斬	3	4	2	2	5	504	3024	3530	0	37	213	250	0
10409047	Ameno Habakiri (Wind)	天羽々斬	3	4	2	1	5	504	3024	3530	0	37	213	250	0
10409048	Ameno Habakiri (Light)	天羽々斬	3	4	2	4	5	504	3024	3530	0	37	213	250	0
10409049	Ameno Habakiri (Dark)	天羽々斬	3	4	2	5	5	504	3024	3530	0	37	213	250	0
10409050	Cosmic Blade ATK	ブレイド・オブ・コスモス	3	3	2	4	5	423	2610	0	0	31	184	0	0
10409051	Cosmic Blade DEF		3	3	2	4	5	423	2610	0	0	31	184	0	0
10409052	Cosmic Blade HEAL		3	3	2	4	5	423	2610	0	0	31	184	0	0
10409053	Cosmic Blade BAL		3	3	2	4	5	423	2610	0	0	31	184	0	0
10409054	Cosmic Blade SPEC		3	3	2	4	5	423	2610	0	0	31	184	0	0
10409055	Master Bamboo Sword	剣聖の袋竹刀	3	3	2	2	5	345	2170	0	0	26	154	0	0
10409056	Red Sun	レッド・サン	3	3	2	0	5	355	2150	0	0	24	150	0	0
10409057	Raikiri	雷切	3	3	2	3	5	440	2660	0	0	33	189	0	0
10409058	Wood Sword	木太刀	3	3	2	2	5	345	2140	0	0	25	151	0	0
10409059	Snowflake	スノー・フレーク	3	3	2	3	5	340	2150	0	0	26	151	0	0
10409060	Fugudoku	河豚毒	3	3	2	1	5	356	2155	0	0	23	148	0	0
10409061	Chichiushi	チチウシ	3	3	2	4	5	340	2130	0	0	26	153	0	0
10409062	Silver Katana Relic		3	4	2	4	5	297	1785	2080	0	22	126	148	0
10409063	Golden Katana Relic		0	4	2	4	5	307	1845	2155	0	22	130	152	0
10409064	Ixaba	イクサバ	3	4	2	0	5	502	3000	3620	0	30	195	236	0
10409065	Ray of Zhuque Regus	朱雀光剣・王	3	4	2	0	5	345	2090	2530	0	22	145	175	0
10409066	Ray of Zhuque Pontus	朱雀光剣・覇	3	4	2	0	5	345	2090	2530	0	22	145	175	0
10409067	Ray of Zhuque Malus	朱雀光剣・邪	3	4	2	0	5	345	2090	2530	0	22	145	175	0
10409068	Huanglong Katana	黄龍刀	3	5	2	4	5	425	2610	3050	3490	31	184	215	246
10409069	Atma Blade (Fire)	無垢なる竜の刃	3	3	2	0	5	479	2856	0	0	24	163	0	0
10409070	Atma Blade (Water)	無垢なる竜の刃	3	3	2	3	5	479	2856	0	0	24	163	0	0
10409071	Atma Blade (Earth)	無垢なる竜の刃	3	3	2	2	5	479	2856	0	0	24	163	0	0
10409072	Atma Blade (Wind)	無垢なる竜の刃	3	3	2	1	5	479	2856	0	0	24	163	0	0
10409073	Atma Blade (Light)	無垢なる竜の刃	3	3	2	4	5	479	2856	0	0	24	163	0	0
10409074	Atma Blade (Dark)	無垢なる竜の刃	3	3	2	5	5	479	2856	0	0	24	163	0	0
10409075	Ultima Blade (Fire)	オメガブレイド	3	3	2	0	5	479	3335	0	0	24	190	0	0
10409076	Ultima Blade (Water)	オメガブレイド	3	3	2	3	5	479	3335	0	0	24	190	0	0
10409077	Ultima Blade (Earth)	オメガブレイド	3	3	2	2	5	479	3335	0	0	24	190	0	0
10409078	Ultima Blade (Wind)	オメガブレイド	3	3	2	1	5	479	3335	0	0	24	190	0	0
10409079	Ultima Blade (Light)	オメガブレイド	3	3	2	4	5	479	3335	0	0	24	190	0	0
10409080	Ultima Blade (Dark)	オメガブレイド	3	3	2	5	5	479	3335	0	0	24	190	0	0
10409081	Sinensis	シネンシス	3	3	2	1	5	460	2715	0	0	29	180	0	0
10409082	Mikazuki Munechika	三日月宗近	3	4	2	4	5	345	2142	2501	0	25	151	176	0
10409083	Tsurumaru Kuninaga	鶴丸国永	3	4	2	3	5	335	2132	2491	0	27	153	178	0
10409084	Izayoi	十六夜	3	3	2	3	5	466	2686	0	0	28	184	0	0
10409085	Martial Steel of the Sovereign	武王の鉄剣	3	3	2	0	5	355	2150	0	0	25	150	0	0
10409086	Xeno Phantom Demon Blade	六道・普天幻魔	3	3	2	5	5	410	2430	0	0	24	165	0	0
10409087	True Phantom Demon Blade	真・普天幻魔	0	4	2	5	5	410	2430	2835	0	24	165	193	0
10409088	Tanzanite Blade	タンザナイトブレイド	3	4	2	0	5	455	2685	3130	0	30	184	210	0
10409089	Nibelung Klinge	ニーベルン・クリンゲ	3	4	2	2	5	395	2471	2890	0	30	175	200	0
10409090	Last Storm Blade	ラストストームブレイド	3	4	2	1	5	405	2481	2900	0	28	173	200	0
10409091	Sephira Emerald Blade		3	3	2	2	5	395	2475	0	0	30	175	0	0
10409092	Gigante Slicer		3	3	2	5	5	455	2710	0	0	30	180	0	0
10409093	Unsigned Kaneshige (Fire)	無銘金重	5	5	2	0	5	411	2565	3000	3435	30	181	211	241
10409094	Unsigned Kaneshige (Water)	無銘金重	5	5	2	3	5	411	2565	3000	3435	30	181	211	241
10409095	Unsigned Kaneshige (Earth)	無銘金重	5	5	2	2	5	411	2565	3000	3435	30	181	211	241
10409096	Unsigned Kaneshige (Wind)	無銘金重	5	5	2	1	5	411	2565	3000	3435	30	181	211	241
10409097	Unsigned Kaneshige (Light)	無銘金重	5	5	2	4	5	411	2565	3000	3435	30	181	211	241
10409098	Unsigned Kaneshige (Dark)	無銘金重	5	5	2	5	5	411	2565	3000	3435	30	181	211	241
10409100	Ichigo Hitofuri	一期一振	3	4	2	2	5	454	2900	3512	0	42	214	257	0
10409101	Emberfire Longblade	焔ノ太刀	3	3	2	0	5	400	2420	0	0	26	168	0	0
10409102	Wrathfire Longblade	極マリシ烈火ノ太刀	3	4	2	0	5	400	2420	2825	0	26	168	196	0
10409103	Tetrastreamer (Fire)		4	5	2	0	5	431	2585	3020	3455	26	177	207	237
10409104	Tetrastreamer (Water)		4	5	2	3	5	431	2585	3020	3455	26	177	207	237
10409105	Tetrastreamer (Earth)		4	5	2	2	5	431	2585	3020	3455	26	177	207	237
10409106	Tetrastreamer (Wind)		4	5	2	1	5	431	2585	3020	3455	26	177	207	237
10409107	Tetrastreamer (Light)		4	5	2	4	5	431	2585	3020	3455	26	177	207	237
10409108	Tetrastreamer (Dark)		4	5	2	5	5	431	2585	3020	3455	26	177	207	237
10409109	Crimson Sapphire	蒼紅之華刀	3	4	2	1	5	430	2597	3140	0	36	202	240	0
10409110	Katana of Repudiation	絶対否定の太刀	3	5	2	5	5	465	2765	3340	3915	28	189	229	269
10409111	Katana of Renunciation	永遠拒絶の太刀	3	5	2	5	5	465	2765	3340	3915	28	189	229	269
10409112	Ancestral Blade	古戦場の遺刀	3	3	2	3	5	335	2197	0	0	27	140	0	0
10409113	Metal Destroyer	メタル・デストロイヤー	3	4	2	0	5	420	2600	3020	0	35	200	235	0
