10400000	1	1	\N	0
10400000	2	120	\N	1
10400001	1	1	\N	2
10400001	1	101	\N	3
10400001	2	120	\N	4
10400003	1	1	\N	5
10400003	1	120	\N	6
10400003	2	1	\N	2
10400005	1	1	\N	7
10400005	1	120	\N	8
10400005	2	1	\N	9
10400006	1	1	\N	10
10400010	1	1	\N	11
10400010	1	120	\N	12
10400010	2	1	\N	0
10400013	1	1	\N	13
10400013	1	101	\N	14
10400013	2	120	\N	15
10400014	1	1	\N	5
10400014	2	120	\N	16
10400016	1	1	\N	17
10400016	2	120	\N	18
10400017	1	1	\N	17
10400018	1	1	\N	7
10400019	1	1	\N	11
10400019	2	120	\N	19
10400020	1	1	\N	20
10400020	1	60	\N	20
10400020	2	100	\N	21
10400020	2	150	\N	22
10400020	3	200	\N	259
10400021	1	1	\N	23
10400022	1	1	\N	24
10400023	1	1	\N	10
10400023	2	120	\N	25
10400024	1	1	\N	7
10400025	1	1	\N	0
10400026	1	1	\N	2
10400027	1	1	\N	13
10400028	1	1	\N	5
10400029	1	1	\N	7
10400030	1	1	\N	26
10400031	1	1	\N	26
10400031	1	120	\N	27
10400031	2	1	\N	10
10400032	1	1	\N	13
10400033	1	1	\N	28
10400034	1	1	\N	11
10400035	1	1	\N	29
10400035	2	1	\N	30
10400036	1	1	\N	26
10400036	1	120	\N	31
10400036	2	1	\N	2
10400037	1	1	\N	0
10400038	1	1	\N	2
10400039	1	1	\N	13
10400040	1	1	\N	5
10400041	1	1	\N	7
10400042	1	1	\N	26
10400043	1	1	\N	32
10400044	1	1	\N	0
10400044	1	120	\N	33
10400044	2	1	\N	34
10400045	1	1	\N	35
10400046	1	1	\N	3
10400046	1	120	\N	36
10400046	2	150	\N	37
10400047	1	1	\N	5
10400047	2	1	\N	23
10400048	1	1	\N	38
10400048	2	1	\N	39
10400049	1	1	\N	40
10400050	1	1	\N	41
10400050	2	1	\N	42
10400051	1	1	\N	29
10400051	2	1	\N	30
10400052	1	1	\N	29
10400052	2	1	\N	30
10400053	1	1	\N	29
10400053	2	1	\N	30
10400054	1	1	\N	29
10400054	2	1	\N	30
10400055	1	1	\N	29
10400055	2	1	\N	30
10400056	1	1	\N	29
10400056	2	1	\N	30
10400057	1	1	\N	29
10400057	2	1	\N	30
10400058	1	1	\N	43
10400058	2	1	\N	44
10400058	2	120	\N	45
10400059	1	1	\N	46
10400060	1	1	\N	47
10400061	1	1	\N	48
10400061	1	120	\N	49
10400061	2	1	\N	50
10400062	1	1	\N	51
10400062	2	1	\N	52
10400063	1	1	\N	51
10400063	2	1	\N	52
10400064	1	1	\N	51
10400064	2	1	\N	52
10400065	1	1	\N	51
10400065	2	1	\N	53
10400066	1	1	\N	51
10400066	2	1	\N	54
10400067	1	1	\N	51
10400067	2	1	\N	55
10400068	1	1	\N	51
10400068	2	1	\N	56
10400069	1	1	\N	51
10400069	2	1	\N	57
10400070	1	1	\N	58
10400070	2	1	\N	59
10400071	1	1	\N	60
10400071	2	1	\N	25
10400072	1	1	\N	61
10400072	2	120	\N	62
10400073	1	1	\N	63
10400073	2	1	\N	64
10400074	1	1	\N	65
10400075	1	1	\N	66
10400075	1	60	\N	66
10400075	2	100	\N	21
10400075	2	150	\N	22
10400075	3	200	\N	737
10400076	1	1	\N	67
10400076	1	60	\N	67
10400076	2	100	\N	21
10400076	2	150	\N	22
10400076	3	200	\N	880
10400077	1	1	\N	68
10400077	1	60	\N	68
10400077	2	100	\N	21
10400077	2	150	\N	22
10400077	3	200	\N	759
10400078	1	1	\N	69
10400078	1	60	\N	69
10400078	2	100	\N	21
10400078	2	150	\N	22
10400078	3	200	\N	881
10400079	1	1	\N	70
10400079	1	60	\N	70
10400079	2	100	\N	21
10400079	2	150	\N	22
10400079	3	200	\N	112
10400085	1	1	\N	0
10400086	1	1	\N	26
10400086	1	120	\N	77
10400086	2	1	\N	7
10400087	1	1	\N	78
10400087	1	120	\N	79
10400087	2	150	\N	80
10400088	1	1	\N	81
10400089	1	1	\N	82
10400089	2	120	\N	13
10400090	1	1	\N	0
10400090	2	1	\N	83
10400092	1	1	\N	0
10400092	2	1	\N	84
10400093	1	1	\N	2
10400093	2	1	\N	85
10400094	1	1	\N	86
10400094	2	1	\N	87
10400095	1	1	\N	88
10400095	2	100	\N	89
10400096	1	1	\N	90
10400096	2	1	\N	91
10400097	1	1	\N	92
10400097	2	1	\N	93
10400098	1	1	\N	94
10400099	1	1	\N	95
10400100	1	1	\N	96
10400100	2	1	\N	97
10400110	1	1	\N	7
10400110	2	1	\N	98
10400111	1	1	\N	26
10400111	2	1	\N	99
10400112	1	1	\N	3
10400112	2	1	\N	100
10400113	1	1	1	101
10400114	1	1	1	101
10400115	1	1	1	101
10400116	1	1	1	101
10400117	1	1	1	101
10400118	1	1	1	101
10400119	1	1	1	101
10400119	2	1	11	102
10400120	1	1	1	101
10400120	2	1	11	102
10400121	1	1	1	101
10400121	2	1	11	102
10400122	1	1	1	101
10400122	2	1	11	102
10400123	1	1	1	101
10400123	2	1	11	102
10400124	1	1	1	101
10400124	2	1	11	102
10400125	1	1	\N	2
10400125	2	1	\N	103
10400126	1	1	\N	104
10400126	2	1	\N	105
10400127	1	1	\N	104
10400127	2	1	\N	105
10400128	1	1	\N	104
10400128	2	1	\N	105
10400129	1	1	\N	104
10400129	2	1	\N	105
10400130	1	1	\N	104
10400130	2	1	\N	105
10400131	1	1	\N	104
10400131	2	1	\N	105
10400132	1	1	\N	106
10400132	2	1	\N	107
10400133	1	1	\N	106
10400133	2	1	\N	107
10400134	1	1	\N	106
10400134	2	1	\N	107
10400135	1	1	\N	106
10400135	2	1	\N	107
10400136	1	1	\N	106
10400136	2	1	\N	107
10400137	1	1	\N	106
10400137	2	1	\N	107
10400140	1	1	\N	13
10400140	2	1	\N	15
10400141	1	1	\N	108
10400141	2	100	\N	109
10400142	1	1	\N	110
10400142	2	1	\N	111
10400143	1	1	\N	78
10400143	1	120	\N	79
10400143	2	150	\N	112
10400144	1	1	\N	113
10400144	2	1	\N	114
10400145	1	1	\N	113
10400145	2	1	\N	114
10400146	1	1	\N	113
10400146	2	1	\N	114
10400147	1	1	\N	113
10400147	2	1	\N	114
10400148	1	1	\N	113
10400148	2	1	\N	114
10400149	1	1	\N	113
10400149	2	1	\N	114
10400150	1	1	\N	115
10400150	2	1	\N	116
10400151	1	1	\N	117
10400151	2	100	\N	118
10400152	1	1	\N	119
10400152	2	1	\N	120
10400153	1	1	\N	121
10400154	1	1	\N	121
10400154	2	120	\N	122
10400155	1	1	\N	123
10400155	2	100	\N	124
10400156	1	1	\N	26
10400156	2	1	\N	125
10400157	1	1	\N	126
10400158	1	1	\N	126
10400158	2	120	\N	127
10400159	1	1	\N	128
10400159	2	100	\N	129
10400160	1	1	\N	2
10400160	2	1	\N	103
10400160	3	120	\N	458
10400161	1	1	\N	130
10400161	2	120	\N	131
10400162	1	1	\N	132
10400162	2	1	\N	133
10400163	1	1	\N	134
10400163	2	120	\N	135
10400164	1	1	\N	5
10400164	2	1	\N	136
10400165	1	1	\N	137
10400165	2	120	\N	100
10400166	1	1	\N	7
10400166	2	120	\N	138
10400170	1	1	\N	139
10400170	2	120	12	140
10400170	3	200	35	141
10400171	1	1	\N	142
10400171	2	120	12	140
10400171	3	200	25	141
10400172	1	1	\N	143
10400172	2	1	\N	91
10400173	1	1	\N	144
10400173	2	1	\N	145
10400174	1	1	\N	144
10400174	2	1	\N	145
10400175	1	1	\N	144
10400175	2	1	\N	145
10400176	1	1	\N	144
10400176	2	1	\N	145
10400177	1	1	\N	144
10400177	2	1	\N	145
10400178	1	1	\N	144
10400178	2	1	\N	145
10400179	1	1	\N	144
10400179	2	1	\N	145
10400180	1	1	\N	144
10400180	2	1	\N	145
10400181	1	1	\N	146
10400181	2	1	\N	147
10400182	1	1	\N	146
10400182	2	1	\N	147
10400183	1	1	\N	146
10400183	2	1	\N	147
10400184	1	1	\N	146
10400184	2	1	\N	147
10400185	1	1	\N	146
10400185	2	1	\N	147
10400186	1	1	\N	146
10400186	2	1	\N	147
10400187	1	1	\N	148
10400187	2	1	\N	149
10400189	1	1	\N	150
10400189	2	120	\N	151
10400190	1	1	\N	769
10400190	2	100	\N	770
10400192	1	1	\N	794
10400192	2	100	\N	795
10400193	1	1	\N	801
10400193	2	1	\N	802
10400194	1	1	\N	13
10400194	2	120	\N	803
10400195	1	1	\N	71
10400195	1	120	\N	815
10400195	2	150	\N	804
10400196	1	1	\N	819
10400196	2	100	\N	820
10400197	1	1	\N	847
10400197	2	120	\N	848
10400197	2	200	\N	932
10400198	1	1	\N	2
10400198	2	1	\N	872
10400201	1	1	\N	7
10400201	2	1	\N	929
10401000	1	1	\N	26
10401000	2	1	\N	0
10401003	1	1	\N	26
10401003	1	101	\N	78
10401003	2	120	\N	152
10401008	1	100	\N	153
10401010	1	1	\N	9
10401010	1	101	\N	154
10401010	2	120	\N	41
10401011	1	1	\N	10
10401012	1	1	\N	155
10401013	1	1	\N	11
10401014	1	1	\N	156
10401015	1	1	\N	157
10401016	1	1	\N	26
10401016	2	120	\N	44
10401017	1	1	\N	7
10401018	1	1	\N	7
10401018	2	120	\N	158
10401019	1	1	\N	23
10401020	1	1	\N	0
10401021	1	1	\N	2
10401021	2	120	\N	159
10401022	1	1	\N	7
10401023	1	1	\N	0
10401024	1	1	\N	2
10401025	1	1	\N	13
10401026	1	1	\N	5
10401027	1	1	\N	7
10401028	1	1	\N	26
10401029	1	1	\N	160
10401029	2	1	\N	161
10401030	1	1	\N	162
10401030	2	1	\N	163
10401031	1	1	\N	0
10401032	1	1	\N	2
10401033	1	1	\N	13
10401034	1	1	\N	5
10401035	1	1	\N	7
10401036	1	1	\N	26
10401037	1	1	\N	164
10401038	1	1	\N	13
10401038	1	120	\N	165
10401038	2	1	\N	11
10401039	1	1	\N	166
10401040	1	1	\N	160
10401040	2	1	\N	161
10401041	1	1	\N	160
10401041	2	1	\N	161
10401042	1	1	\N	160
10401042	2	1	\N	161
10401043	1	1	\N	160
10401043	2	1	\N	161
10401044	1	1	\N	160
10401044	2	1	\N	161
10401045	1	1	\N	160
10401045	2	1	\N	161
10401046	1	1	\N	160
10401046	2	1	\N	161
10401047	1	1	\N	162
10401047	2	1	\N	163
10401048	1	1	\N	162
10401048	2	1	\N	163
10401049	1	1	\N	162
10401049	2	1	\N	163
10401050	1	1	\N	162
10401050	2	1	\N	163
10401051	1	1	\N	162
10401051	2	1	\N	163
10401052	1	1	\N	162
10401052	2	1	\N	163
10401053	1	1	\N	162
10401053	2	1	\N	163
10401054	1	1	\N	14
10401054	1	120	\N	167
10401054	2	150	\N	168
10401055	1	1	\N	169
10401055	2	1	\N	170
10401056	1	1	\N	169
10401056	2	1	\N	170
10401057	1	1	\N	169
10401057	2	1	\N	170
10401058	1	1	\N	169
10401058	2	1	\N	170
10401059	1	1	\N	169
10401059	2	1	\N	170
10401060	1	1	\N	169
10401060	2	1	\N	170
10401061	1	1	\N	169
10401061	2	1	\N	170
10401062	1	1	\N	169
10401062	2	1	\N	170
10401063	1	1	\N	5
10401063	2	1	\N	171
10401063	2	120	\N	172
10401064	1	1	\N	173
10401064	2	1	\N	174
10401065	1	1	\N	175
10401065	2	1	\N	176
10401066	1	1	\N	177
10401066	1	60	\N	177
10401066	1	150	\N	178
10401066	2	100	\N	131
10401066	3	200	\N	882
10401067	1	1	\N	180
10401068	1	1	\N	177
10401068	1	60	\N	177
10401068	1	150	\N	178
10401068	2	100	\N	541
10401068	3	200	\N	883
10401069	1	1	\N	177
10401069	1	60	\N	177
10401069	1	150	\N	178
10401069	2	100	\N	383
10401069	3	200	\N	884
10401070	1	1	\N	177
10401070	1	60	\N	177
10401070	1	150	\N	178
10401070	2	100	\N	841
10401070	3	200	\N	885
10401071	1	1	\N	177
10401071	1	60	\N	177
10401071	1	150	\N	178
10401071	2	100	\N	138
10401071	3	200	\N	886
10401072	1	1	\N	177
10401072	1	60	\N	177
10401072	1	150	\N	178
10401072	2	100	\N	309
10401072	3	200	\N	887
10401078	1	1	\N	7
10401078	2	1	\N	26
10401079	1	1	\N	182
10401079	2	1	\N	13
10401079	2	120	\N	14
10401080	1	1	\N	2
10401080	2	1	\N	183
10401081	1	1	\N	184
10401081	2	1	\N	185
10401081	3	120	\N	309
10401082	1	1	\N	14
10401082	1	120	\N	167
10401082	2	150	\N	186
10401083	1	1	\N	187
10401083	2	1	\N	188
10401083	3	120	\N	25
10401084	1	1	\N	189
10401084	2	1	\N	190
10401085	1	1	\N	94
10401086	1	1	\N	95
10401087	1	1	\N	78
10401087	1	120	\N	79
10401087	2	150	\N	191
10401088	1	1	\N	192
10401088	2	100	\N	193
10401089	1	1	\N	194
10401089	2	100	\N	195
10401090	1	1	\N	196
10401090	2	1	\N	197
10401091	1	1	2	198
10401092	1	1	2	198
10401093	1	1	2	198
10401094	1	1	2	198
10401095	1	1	2	198
10401096	1	1	2	198
10401097	1	1	2	198
10401097	2	1	11	102
10401098	1	1	2	198
10401098	2	1	11	102
10401099	1	1	2	198
10401099	2	1	11	102
10401100	1	1	2	198
10401100	2	1	11	102
10401101	1	1	2	198
10401101	2	1	11	102
10401102	1	1	2	198
10401102	2	1	11	102
10401103	1	1	\N	199
10401103	2	1	\N	200
10401104	1	1	\N	201
10401104	2	1	\N	202
10401105	1	1	\N	203
10401105	2	1	\N	204
10401106	1	1	\N	205
10401106	2	150	\N	206
10401107	1	1	\N	5
10401107	2	1	\N	39
10401107	2	120	\N	207
10401108	1	1	\N	208
10401108	2	1	\N	209
10401109	1	1	\N	210
10401109	2	100	\N	211
10401110	1	1	\N	212
10401110	2	120	\N	213
10401111	1	1	\N	26
10401111	2	120	\N	214
10401112	1	1	\N	48
10401112	2	1	\N	215
10401113	1	1	\N	216
10401113	2	120	\N	217
10401114	1	1	\N	218
10401114	2	1	\N	219
10401115	1	1	\N	220
10401115	2	1	\N	221
10401116	1	1	\N	775
10401116	2	1	\N	776
10401117	1	1	\N	775
10401117	2	1	\N	776
10401118	1	1	\N	775
10401118	2	1	\N	776
10401119	1	1	\N	775
10401119	2	1	\N	776
10401120	1	1	\N	775
10401120	2	1	\N	776
10401121	1	1	\N	775
10401121	2	1	\N	776
10401122	1	1	\N	7
10401122	2	120	\N	327
10401122	3	150	\N	787
10401123	1	1	\N	273
10401123	2	120	\N	458
10401124	1	1	\N	181
10401124	1	120	\N	821
10401124	2	150	\N	805
10401125	1	1	\N	822
10401125	1	120	\N	832
10401125	2	150	\N	823
10401126	1	1	\N	411
10401126	2	1	\N	233
10401126	3	120	\N	839
10401127	1	1	\N	834
10401127	2	1	\N	835
10401127	2	120	\N	222
10402000	1	1	\N	222
10402000	2	1	\N	223
10402002	1	1	\N	0
10402002	2	120	\N	224
10402003	1	1	\N	225
10402003	2	1	\N	84
10402003	2	120	\N	226
10402007	1	1	\N	26
10402007	1	101	\N	78
10402007	2	120	\N	227
10402008	1	1	\N	155
10402008	1	120	\N	228
10402008	2	1	\N	11
10402009	1	1	\N	868
10402009	1	60	\N	229
10402009	2	100	\N	230
10402009	2	150	\N	231
10402009	3	200	\N	771
10402012	1	1	\N	17
10402012	2	120	\N	232
10402013	1	1	\N	13
10402014	1	1	\N	0
10402014	2	120	\N	233
10402015	1	1	\N	234
10402016	1	1	\N	7
10402017	1	1	\N	5
10402017	2	120	\N	235
10402018	1	1	\N	2
10402019	1	1	\N	236
10402019	2	1	\N	213
10402020	1	1	\N	26
10402021	1	1	\N	7
10402022	1	1	\N	0
10402023	1	1	\N	2
10402024	1	1	\N	13
10402025	1	1	\N	5
10402026	1	1	\N	7
10402027	1	1	\N	26
10402028	1	1	\N	23
10402028	2	1	\N	13
10402029	1	1	\N	7
10402030	1	1	\N	237
10402030	2	1	\N	238
10402031	1	1	\N	0
10402032	1	1	\N	2
10402033	1	1	\N	13
10402034	1	1	\N	5
10402035	1	1	\N	7
10402036	1	1	\N	26
10402037	1	1	\N	239
10402038	1	1	\N	9
10402039	1	1	\N	240
10402039	1	120	\N	241
10402039	2	1	\N	25
10402040	1	1	\N	13
10402040	1	101	\N	242
10402041	1	1	\N	225
10402041	2	1	\N	243
10402042	1	1	\N	237
10402042	2	1	\N	238
10402043	1	1	\N	237
10402043	2	1	\N	238
10402044	1	1	\N	237
10402044	2	1	\N	238
10402045	1	1	\N	237
10402045	2	1	\N	238
10402046	1	1	\N	237
10402046	2	1	\N	238
10402047	1	1	\N	237
10402047	2	1	\N	238
10402048	1	1	\N	237
10402048	2	1	\N	238
10402049	1	1	\N	225
10402049	2	1	\N	233
10402050	1	1	\N	244
10402050	2	1	\N	245
10402051	1	1	\N	246
10402052	1	1	\N	247
10402052	2	1	\N	248
10402053	1	1	\N	249
10402053	2	1	\N	196
10402054	1	1	\N	250
10402055	1	1	\N	888
10402055	1	60	\N	229
10402055	2	100	\N	230
10402055	2	150	\N	231
10402055	3	200	\N	4
10402056	1	1	\N	889
10402056	1	60	\N	229
10402056	2	100	\N	230
10402056	2	150	\N	231
10402056	3	200	\N	172
10402057	1	1	\N	890
10402057	1	60	\N	229
10402057	2	100	\N	230
10402057	2	150	\N	231
10402057	3	200	\N	263
10402058	1	1	\N	891
10402058	1	60	\N	229
10402058	2	100	\N	230
10402058	2	150	\N	231
10402058	3	200	\N	222
10402059	1	1	\N	846
10402059	1	60	\N	229
10402059	2	100	\N	230
10402059	2	150	\N	231
10402059	3	200	\N	333
10402065	1	1	\N	26
10402065	2	1	\N	252
10402066	1	1	\N	253
10402066	2	1	\N	254
10402067	1	1	\N	48
10402067	2	1	\N	215
10402068	1	1	\N	255
10402068	2	1	\N	187
10402069	1	1	\N	256
10402070	1	1	\N	257
10402070	1	120	\N	258
10402070	2	150	\N	259
10402071	1	1	\N	5
10402071	2	1	\N	39
10402072	1	1	\N	260
10402072	2	1	\N	261
10402073	1	1	\N	94
10402074	1	1	\N	95
10402075	1	1	\N	26
10402075	2	1	\N	262
10402076	1	1	\N	13
10402076	1	101	\N	242
10402076	2	1	\N	263
10402077	1	1	\N	13
10402077	1	101	\N	242
10402077	2	1	\N	264
10402078	1	1	\N	13
10402078	1	101	\N	242
10402078	2	1	\N	265
10402079	1	1	\N	7
10402079	1	120	\N	257
10402079	2	1	\N	266
10402080	1	1	\N	267
10402080	2	100	\N	268
10402081	1	1	\N	269
10402081	2	1	\N	200
10402082	1	1	3	270
10402083	1	1	3	270
10402084	1	1	3	270
10402085	1	1	3	270
10402086	1	1	3	270
10402087	1	1	3	270
10402088	1	1	3	270
10402088	2	1	11	102
10402089	1	1	3	270
10402089	2	1	11	102
10402090	1	1	3	270
10402090	2	1	11	102
10402091	1	1	3	270
10402091	2	1	11	102
10402092	1	1	3	270
10402092	2	1	11	102
10402093	1	1	3	270
10402093	2	1	11	102
10402094	1	1	\N	271
10402095	1	1	\N	271
10402095	2	120	\N	272
10402096	1	1	\N	273
10402096	2	1	\N	245
10402097	1	1	\N	274
10402097	2	1	\N	275
10402098	1	1	\N	274
10402098	2	1	\N	275
10402099	1	1	\N	274
10402099	2	1	\N	275
10402100	1	1	\N	274
10402100	2	1	\N	275
10402101	1	1	\N	274
10402101	2	1	\N	275
10402102	1	1	\N	274
10402102	2	1	\N	275
10402103	1	1	\N	276
10402103	2	120	\N	277
10402104	1	1	\N	278
10402104	2	120	\N	279
10402105	1	1	\N	280
10402105	2	120	\N	281
10402106	1	1	\N	282
10402106	2	1	\N	283
10402107	1	1	\N	284
10402107	2	1	\N	285
10402108	1	1	\N	203
10402108	2	1	\N	286
10402109	1	1	\N	155
10402109	2	120	\N	287
10402110	1	1	\N	0
10402110	2	1	\N	243
10402112	1	1	\N	11
10402112	2	1	\N	222
10402113	1	1	\N	288
10402113	2	100	\N	289
10402114	1	1	\N	2
10402114	2	120	\N	290
10402115	1	1	\N	291
10402115	2	100	\N	292
10402116	1	1	\N	293
10402116	2	150	\N	294
10402117	1	1	\N	295
10402117	2	1	\N	243
10402118	1	1	\N	7
10402118	2	1	\N	296
10402119	1	1	\N	297
10402119	2	120	\N	298
10402120	1	1	\N	10
10402120	2	1	\N	299
10402121	1	1	\N	13
10402122	1	1	\N	13
10402122	1	101	\N	242
10402122	2	120	\N	300
10402123	1	1	\N	13
10402123	2	1	\N	301
10402124	1	1	\N	302
10402124	2	100	\N	303
10402125	1	1	\N	304
10402125	2	120	12	140
10402125	3	200	34	141
10402126	1	1	\N	305
10402126	2	120	12	140
10402126	3	200	24	141
10402127	1	1	\N	306
10402127	2	150	\N	307
10402128	1	1	\N	5
10402128	2	120	\N	308
10402129	1	1	\N	43
10402129	2	120	\N	309
10402130	1	1	\N	310
10402130	2	120	\N	311
10402131	1	1	\N	13
10402131	2	1	\N	182
10402132	1	1	\N	750
10402133	1	1	\N	750
10402133	2	120	\N	788
10402134	1	1	\N	253
10402134	2	150	\N	791
10402135	1	1	\N	251
10402135	1	120	\N	816
10402135	2	150	\N	806
10402136	1	1	\N	13
10402136	2	1	\N	841
10402137	1	1	\N	849
10402137	2	120	\N	850
10402137	2	200	\N	933
10402138	1	1	\N	540
10402138	2	120	\N	873
10402139	1	1	\N	874
10402139	2	1	\N	685
10402140	1	1	\N	921
10402140	2	1	\N	922
10402141	1	1	\N	921
10402141	2	1	\N	922
10402142	1	1	\N	921
10402142	2	1	\N	922
10402143	1	1	\N	921
10402143	2	1	\N	922
10402144	1	1	\N	921
10402144	2	1	\N	922
10402145	1	1	\N	921
10402145	2	1	\N	922
10402146	1	1	\N	875
10402146	2	100	\N	876
10402148	1	1	\N	930
10402148	2	100	\N	931
10403000	1	1	\N	7
10403000	2	120	\N	312
10403001	1	1	\N	892
10403001	1	60	\N	7
10403001	2	100	\N	893
10403001	2	150	\N	894
10403001	3	200	\N	895
10403002	1	1	\N	2
10403002	1	101	\N	3
10403002	2	120	\N	315
10403004	1	1	\N	9
10403004	1	101	\N	154
10403004	2	120	\N	41
10403005	1	1	\N	10
10403006	1	1	\N	155
10403006	2	120	\N	316
10403007	1	1	\N	0
10403007	2	120	\N	317
10403008	1	1	\N	5
10403009	1	1	\N	234
10403010	1	1	\N	11
10403011	1	1	\N	318
10403011	2	1	\N	2
10403012	1	1	\N	23
10403012	2	120	\N	319
10403013	1	1	\N	7
10403014	1	1	\N	236
10403014	2	1	\N	320
10403015	1	1	\N	321
10403015	2	120	\N	232
10403016	1	1	\N	7
10403017	1	1	\N	0
10403018	1	1	\N	2
10403019	1	1	\N	13
10403020	1	1	\N	5
10403021	1	1	\N	7
10403022	1	1	\N	26
10403023	1	1	\N	322
10403023	2	1	\N	323
10403024	1	1	\N	0
10403025	1	1	\N	2
10403026	1	1	\N	13
10403027	1	1	\N	5
10403028	1	1	\N	7
10403029	1	1	\N	26
10403030	1	1	\N	324
10403031	1	1	\N	325
10403031	2	1	\N	326
10403032	1	1	\N	48
10403032	2	1	\N	327
10403033	1	1	\N	2
10403033	1	101	\N	328
10403034	1	1	\N	5
10403035	1	1	\N	322
10403035	2	1	\N	323
10403036	1	1	\N	322
10403036	2	1	\N	323
10403037	1	1	\N	322
10403037	2	1	\N	323
10403038	1	1	\N	322
10403038	2	1	\N	323
10403039	1	1	\N	322
10403039	2	1	\N	323
10403040	1	1	\N	322
10403040	2	1	\N	323
10403041	1	1	\N	322
10403041	2	1	\N	323
10403042	1	1	\N	0
10403042	2	1	\N	329
10403043	1	1	\N	330
10403044	1	1	\N	896
10403044	1	60	\N	0
10403044	2	100	\N	893
10403044	2	150	\N	894
10403044	3	200	\N	897
10403045	1	1	\N	898
10403045	1	60	\N	2
10403045	2	100	\N	893
10403045	2	150	\N	894
10403045	3	200	\N	899
10403046	1	1	\N	900
10403046	1	60	\N	5
10403046	2	100	\N	893
10403046	2	150	\N	894
10403046	3	200	\N	901
10403047	1	1	\N	902
10403047	1	60	\N	13
10403047	2	100	\N	893
10403047	2	150	\N	894
10403047	3	200	\N	903
10403048	1	1	\N	904
10403048	1	60	\N	26
10403048	2	100	\N	893
10403048	2	150	\N	894
10403048	3	200	\N	80
10403054	1	1	\N	28
10403055	1	1	\N	26
10403055	2	1	\N	332
10403055	2	120	\N	333
10403056	1	1	\N	334
10403056	2	1	\N	335
10403057	1	1	\N	5
10403057	2	1	\N	336
10403057	3	120	\N	337
10403058	1	1	\N	5
10403058	2	1	\N	338
10403059	1	1	\N	155
10403059	2	1	\N	339
10403060	1	1	\N	340
10403061	1	1	\N	13
10403061	2	1	\N	301
10403062	1	1	\N	341
10403063	1	1	\N	341
10403063	1	200	\N	934
10403063	2	120	\N	342
10403064	1	1	\N	94
10403065	1	1	\N	95
10403066	1	1	\N	2
10403066	1	101	\N	328
10403066	2	1	\N	343
10403067	1	1	\N	2
10403067	1	101	\N	328
10403067	2	1	\N	344
10403068	1	1	\N	2
10403068	1	101	\N	328
10403068	2	1	\N	345
10403069	1	1	\N	2
10403069	2	1	\N	346
10403070	1	1	\N	347
10403070	2	1	\N	348
10403071	1	1	\N	349
10403071	2	1	\N	214
10403072	1	1	4	350
10403073	1	1	4	350
10403074	1	1	4	350
10403075	1	1	4	350
10403076	1	1	4	350
10403077	1	1	4	350
10403078	1	1	4	350
10403078	2	1	11	102
10403079	1	1	4	350
10403079	2	1	11	102
10403080	1	1	4	350
10403080	2	1	11	102
10403081	1	1	4	350
10403081	2	1	11	102
10403082	1	1	4	350
10403082	2	1	11	102
10403083	1	1	4	350
10403083	2	1	11	102
10403084	1	1	\N	351
10403084	2	1	\N	352
10403085	1	1	\N	351
10403085	2	1	\N	352
10403086	1	1	\N	351
10403086	2	1	\N	352
10403087	1	1	\N	351
10403087	2	1	\N	352
10403088	1	1	\N	351
10403088	2	1	\N	352
10403089	1	1	\N	351
10403089	2	1	\N	352
10403090	1	1	\N	257
10403090	1	120	\N	258
10403090	2	150	\N	353
10403091	1	1	\N	354
10403091	2	1	\N	338
10403092	1	1	\N	355
10403092	2	100	\N	356
10403093	1	1	\N	357
10403093	2	1	\N	358
10403094	1	1	\N	359
10403094	2	1	\N	360
10403095	1	1	\N	9
10403095	2	1	\N	361
10403096	1	1	\N	236
10403096	2	1	\N	362
10403097	1	1	\N	363
10403097	2	100	\N	364
10403098	1	1	\N	26
10403098	2	120	\N	365
10403099	1	1	\N	366
10403099	2	1	\N	367
10403100	1	1	\N	255
10403100	2	1	\N	368
10403101	1	1	\N	369
10403101	2	1	\N	370
10403101	3	120	\N	138
10403102	1	1	\N	7
10403102	2	1	\N	222
10403103	1	1	\N	371
10403103	2	120	\N	372
10403104	1	1	\N	373
10403104	2	1	\N	259
10403105	1	1	\N	374
10403105	2	1	\N	375
10403106	1	1	\N	376
10403106	2	120	12	140
10403106	3	200	31	141
10403107	1	1	\N	377
10403107	2	120	12	140
10403107	3	200	21	141
10403108	1	1	\N	378
10403108	2	1	\N	375
10403109	1	1	\N	379
10403109	2	1	\N	380
10403110	1	1	\N	381
10403110	2	100	\N	382
10403111	1	1	\N	383
10403111	2	120	\N	384
10403112	1	1	\N	0
10403112	2	1	\N	771
10403113	1	1	\N	777
10403113	2	100	\N	778
10403114	1	1	\N	253
10403114	2	120	\N	781
10403115	1	1	\N	331
10403115	1	120	\N	824
10403115	2	150	\N	807
10403116	1	1	\N	184
10403116	1	120	\N	825
10403116	2	1	\N	375
10403116	2	150	\N	349
10403117	1	1	\N	615
10403117	2	1	\N	836
10403118	1	1	\N	851
10403118	2	120	\N	852
10403118	2	200	\N	935
10403119	1	1	\N	859
10403119	2	150	\N	860
10403119	3	200	\N	865
10403120	1	1	\N	923
10403120	2	1	\N	924
10403121	1	1	\N	923
10403121	2	1	\N	924
10403122	1	1	\N	923
10403122	2	1	\N	924
10403123	1	1	\N	923
10403123	2	1	\N	924
10403124	1	1	\N	923
10403124	2	1	\N	924
10403125	1	1	\N	923
10403125	2	1	\N	924
10403126	1	1	\N	2
10403126	2	1	\N	631
10404002	1	1	\N	13
10404002	2	120	\N	385
10404003	1	1	\N	386
10404003	1	101	\N	387
10404003	2	120	\N	388
10404008	1	1	\N	11
10404009	1	1	\N	17
10404009	1	120	\N	389
10404009	2	1	\N	232
10404010	1	1	\N	7
10404010	2	120	\N	390
10404011	1	1	\N	5
10404011	2	120	\N	391
10404012	1	1	\N	0
10404012	2	120	\N	392
10404013	1	1	\N	0
10404014	1	1	\N	393
10404015	1	1	\N	203
10404016	1	1	\N	394
10404017	1	1	\N	13
10404018	1	1	\N	7
10404019	1	1	\N	5
10404020	1	1	\N	7
10404021	1	1	\N	0
10404022	1	1	\N	2
10404023	1	1	\N	13
10404024	1	1	\N	5
10404025	1	1	\N	7
10404026	1	1	\N	26
10404027	1	1	\N	26
10404028	1	1	\N	395
10404028	2	1	\N	396
10404029	1	1	\N	397
10404029	2	1	\N	398
10404030	1	1	\N	7
10404031	1	1	\N	0
10404032	1	1	\N	2
10404033	1	1	\N	13
10404034	1	1	\N	5
10404035	1	1	\N	7
10404036	1	1	\N	26
10404037	1	1	\N	399
10404038	1	1	\N	26
10404038	1	120	\N	400
10404038	2	1	\N	5
10404039	1	1	\N	401
10404040	1	1	\N	402
10404041	1	1	\N	63
10404041	2	1	\N	403
10404042	1	1	\N	26
10404042	2	1	\N	404
10404042	3	120	\N	125
10404043	1	1	\N	257
10404043	1	120	\N	258
10404043	2	150	\N	405
10404044	1	1	\N	406
10404044	2	1	\N	407
10404045	1	1	\N	395
10404045	2	1	\N	396
10404046	1	1	\N	395
10404046	2	1	\N	396
10404047	1	1	\N	395
10404047	2	1	\N	396
10404048	1	1	\N	395
10404048	2	1	\N	396
10404049	1	1	\N	395
10404049	2	1	\N	396
10404050	1	1	\N	395
10404050	2	1	\N	396
10404051	1	1	\N	395
10404051	2	1	\N	396
10404052	1	1	\N	397
10404052	2	1	\N	398
10404053	1	1	\N	397
10404053	2	1	\N	398
10404054	1	1	\N	397
10404054	2	1	\N	398
10404055	1	1	\N	397
10404055	2	1	\N	398
10404056	1	1	\N	397
10404056	2	1	\N	398
10404057	1	1	\N	397
10404057	2	1	\N	398
10404058	1	1	\N	397
10404058	2	1	\N	398
10404059	1	1	\N	310
10404059	2	1	\N	408
10404060	1	1	\N	409
10404060	2	1	\N	410
10404061	1	1	\N	409
10404061	2	1	\N	410
10404062	1	1	\N	409
10404062	2	1	\N	410
10404063	1	1	\N	409
10404063	2	1	\N	410
10404064	1	1	\N	409
10404064	2	1	\N	410
10404065	1	1	\N	409
10404065	2	1	\N	410
10404066	1	1	\N	409
10404066	2	1	\N	410
10404067	1	1	\N	409
10404067	2	1	\N	410
10404068	1	1	\N	411
10404068	2	1	\N	412
10404068	2	120	\N	413
10404069	1	1	\N	91
10404069	1	60	\N	91
10404069	2	100	\N	414
10404069	2	150	\N	415
10404069	3	200	\N	839
10404070	1	1	\N	416
10404071	1	1	\N	417
10404071	1	60	\N	417
10404071	2	100	\N	414
10404071	2	150	\N	415
10404071	3	200	\N	905
10404072	1	1	\N	418
10404072	1	60	\N	418
10404072	2	100	\N	414
10404072	2	150	\N	415
10404072	3	200	\N	840
10404073	1	1	\N	186
10404073	1	60	\N	186
10404073	2	100	\N	414
10404073	2	150	\N	415
10404073	3	200	\N	906
10404074	1	1	\N	419
10404074	1	60	\N	419
10404074	2	100	\N	414
10404074	2	150	\N	415
10404074	3	200	\N	907
10404075	1	1	\N	375
10404075	1	60	\N	375
10404075	2	100	\N	414
10404075	2	150	\N	415
10404075	3	200	\N	465
10404081	1	1	\N	10
10404081	2	1	\N	421
10404082	1	1	\N	86
10404082	2	1	\N	182
10404083	1	1	\N	2
10404084	1	1	\N	422
10404084	2	1	\N	423
10404085	1	1	\N	424
10404085	2	1	\N	425
10404086	1	1	\N	426
10404086	2	120	\N	5
10404087	1	1	\N	26
10404087	1	120	\N	78
10404087	2	1	\N	40
10404088	1	1	\N	7
10404088	2	1	\N	98
10404089	1	1	\N	2
10404089	2	1	\N	346
10404090	1	1	\N	427
10404090	2	1	\N	428
10404091	1	1	\N	2
10404091	2	1	\N	429
10404092	1	1	\N	175
10404092	2	1	\N	430
10404093	1	1	\N	431
10404093	2	1	\N	432
10404094	1	1	\N	433
10404094	2	1	\N	417
10404095	1	1	\N	434
10404095	2	1	\N	435
10404096	1	1	\N	94
10404097	1	1	\N	95
10404098	1	1	\N	5
10404098	2	1	\N	39
10404099	1	1	\N	26
10404099	2	1	\N	436
10404100	1	1	\N	3
10404100	1	120	\N	36
10404100	2	150	\N	437
10404101	1	1	\N	438
10404101	2	1	\N	295
10404102	1	1	5	439
10404103	1	1	5	439
10404104	1	1	5	439
10404105	1	1	5	439
10404106	1	1	5	439
10404107	1	1	5	439
10404108	1	1	5	439
10404108	2	1	11	102
10404109	1	1	5	439
10404109	2	1	11	102
10404110	1	1	5	439
10404110	2	1	11	102
10404111	1	1	5	439
10404111	2	1	11	102
10404112	1	1	5	439
10404112	2	1	11	102
10404113	1	1	5	439
10404113	2	1	11	102
10404114	1	1	\N	440
10404114	2	100	\N	441
10404115	1	1	\N	0
10404116	1	1	\N	442
10404116	2	1	\N	443
10404117	1	1	\N	442
10404117	2	1	\N	443
10404118	1	1	\N	442
10404118	2	1	\N	443
10404119	1	1	\N	442
10404119	2	1	\N	443
10404120	1	1	\N	442
10404120	2	1	\N	443
10404121	1	1	\N	442
10404121	2	1	\N	443
10404122	1	1	\N	444
10404122	2	1	\N	445
10404123	1	1	\N	444
10404123	2	1	\N	445
10404124	1	1	\N	444
10404124	2	1	\N	445
10404125	1	1	\N	444
10404125	2	1	\N	445
10404126	1	1	\N	444
10404126	2	1	\N	445
10404127	1	1	\N	444
10404127	2	1	\N	445
10404128	1	1	\N	446
10404128	2	120	\N	447
10404129	1	1	\N	26
10404129	2	1	\N	448
10404130	1	1	\N	449
10404131	1	1	\N	449
10404131	2	120	\N	450
10404132	1	1	\N	451
10404133	1	1	\N	452
10404133	2	1	\N	453
10404134	1	1	\N	454
10404134	2	1	\N	455
10404135	1	1	\N	454
10404135	2	1	\N	455
10404136	1	1	\N	454
10404136	2	1	\N	455
10404137	1	1	\N	454
10404137	2	1	\N	455
10404138	1	1	\N	454
10404138	2	1	\N	455
10404139	1	1	\N	454
10404139	2	1	\N	455
10404140	1	1	\N	5
10404140	2	120	\N	456
10404141	1	1	\N	457
10404141	2	1	\N	458
10404142	1	1	\N	459
10404142	2	120	\N	460
10404143	1	1	\N	461
10404143	2	1	\N	462
10404144	1	1	\N	13
10404145	1	1	\N	463
10404145	2	1	\N	464
10404146	1	1	\N	465
10404146	2	120	\N	349
10404147	1	1	\N	466
10404147	2	120	\N	467
10404148	1	1	\N	468
10404148	2	100	\N	469
10404149	1	1	\N	43
10404149	2	1	\N	125
10404150	1	1	\N	470
10404150	2	120	12	140
10404150	3	200	32	141
10404151	1	1	\N	471
10404151	2	120	12	140
10404151	3	200	22	141
10404152	1	1	\N	472
10404152	2	1	\N	219
10404153	1	1	\N	473
10404153	2	1	\N	417
10404154	1	1	\N	5
10404154	2	1	\N	474
10404155	1	1	\N	63
10404155	2	1	\N	475
10404156	1	1	\N	476
10404156	2	120	\N	477
10404157	1	1	\N	293
10404157	2	120	\N	478
10404158	1	1	\N	309
10404158	2	120	\N	479
10404159	1	1	\N	112
10404159	2	1	\N	480
10404160	1	1	\N	5
10404160	2	1	\N	171
10404161	1	1	\N	2
10404161	2	120	\N	789
10404161	3	150	\N	790
10404162	1	1	\N	354
10404163	1	1	\N	771
10404163	2	120	\N	808
10404164	1	1	\N	420
10404164	1	120	\N	826
10404164	2	150	\N	809
10404165	1	1	\N	817
10404165	2	120	\N	818
10404166	1	1	\N	853
10404166	2	120	\N	854
10404166	2	200	\N	936
10404167	1	1	\N	861
10404167	2	150	\N	860
10404167	3	200	\N	865
10404168	1	1	\N	0
10404168	2	1	\N	867
10404169	1	1	\N	60
10404169	2	1	\N	368
10404170	1	1	\N	908
10404170	2	120	\N	909
10405000	1	1	\N	5
10405000	1	101	\N	269
10405000	2	120	\N	481
10405002	1	1	\N	0
10405002	1	101	\N	482
10405002	2	120	\N	299
10405003	1	1	\N	5
10405003	2	120	\N	42
10405004	1	1	\N	86
10405005	1	1	\N	483
10405006	1	1	\N	461
10405006	2	1	\N	9
10405007	1	1	\N	155
10405007	2	120	\N	484
10405008	1	1	\N	7
10405009	1	1	\N	7
10405010	1	1	\N	0
10405011	1	1	\N	2
10405012	1	1	\N	13
10405013	1	1	\N	5
10405014	1	1	\N	7
10405015	1	1	\N	26
10405016	1	1	\N	485
10405016	2	1	\N	486
10405017	1	1	\N	0
10405018	1	1	\N	2
10405019	1	1	\N	13
10405020	1	1	\N	5
10405021	1	1	\N	7
10405022	1	1	\N	26
10405023	1	1	\N	487
10405024	1	1	\N	2
10405024	1	120	\N	488
10405024	2	1	\N	7
10405025	1	1	\N	482
10405025	1	120	\N	489
10405025	2	150	\N	490
10405026	1	1	\N	280
10405026	2	1	\N	491
10405027	1	1	\N	485
10405027	2	1	\N	486
10405028	1	1	\N	485
10405028	2	1	\N	486
10405029	1	1	\N	485
10405029	2	1	\N	486
10405030	1	1	\N	485
10405030	2	1	\N	486
10405031	1	1	\N	485
10405031	2	1	\N	486
10405032	1	1	\N	485
10405032	2	1	\N	486
10405033	1	1	\N	485
10405033	2	1	\N	486
10405034	1	1	\N	492
10405034	2	1	\N	493
10405034	2	120	\N	494
10405035	1	1	\N	495
10405035	2	1	\N	496
10405036	1	1	\N	495
10405036	2	1	\N	496
10405037	1	1	\N	495
10405037	2	1	\N	496
10405038	1	1	\N	495
10405038	2	1	\N	496
10405039	1	1	\N	495
10405039	2	1	\N	496
10405040	1	1	\N	495
10405040	2	1	\N	496
10405041	1	1	\N	495
10405041	2	1	\N	496
10405042	1	1	\N	495
10405042	2	1	\N	496
10405043	1	1	\N	269
10405043	1	120	\N	497
10405043	2	150	\N	498
10405044	1	1	\N	255
10405044	1	60	\N	255
10405044	2	100	\N	499
10405044	2	150	\N	500
10405044	3	200	\N	910
10405045	1	1	\N	501
10405046	1	1	\N	502
10405046	1	60	\N	502
10405046	2	100	\N	499
10405046	2	150	\N	500
10405046	3	200	\N	219
10405047	1	1	\N	503
10405047	1	60	\N	503
10405047	2	100	\N	499
10405047	2	150	\N	500
10405047	3	200	\N	911
10405048	1	1	\N	196
10405048	1	60	\N	196
10405048	2	100	\N	499
10405048	2	150	\N	500
10405048	3	200	\N	836
10405049	1	1	\N	504
10405049	1	60	\N	504
10405049	2	100	\N	499
10405049	2	150	\N	500
10405049	3	200	\N	912
10405050	1	1	\N	175
10405050	1	60	\N	175
10405050	2	100	\N	499
10405050	2	150	\N	500
10405050	3	200	\N	913
10405057	1	1	\N	506
10405058	1	1	\N	26
10405059	1	1	\N	2
10405059	2	1	\N	507
10405059	3	120	\N	508
10405060	1	1	\N	176
10405060	2	120	\N	509
10405061	1	1	\N	503
10405061	2	1	\N	510
10405062	1	1	\N	511
10405062	2	1	\N	512
10405062	2	120	\N	349
10405063	1	1	\N	5
10405063	2	1	\N	513
10405064	1	1	\N	514
10405064	2	1	\N	13
10405065	1	1	\N	94
10405066	1	1	\N	95
10405067	1	1	\N	515
10405067	2	100	\N	516
10405068	1	1	6	517
10405069	1	1	6	517
10405070	1	1	6	517
10405071	1	1	6	517
10405072	1	1	6	517
10405073	1	1	6	517
10405074	1	1	6	517
10405074	2	1	11	102
10405075	1	1	6	517
10405075	2	1	11	102
10405076	1	1	6	517
10405076	2	1	11	102
10405077	1	1	6	517
10405077	2	1	11	102
10405078	1	1	6	517
10405078	2	1	11	102
10405079	1	1	6	517
10405079	2	1	11	102
10405080	1	1	\N	518
10405080	2	1	\N	519
10405081	1	1	\N	518
10405081	2	1	\N	519
10405082	1	1	\N	518
10405082	2	1	\N	519
10405083	1	1	\N	518
10405083	2	1	\N	519
10405084	1	1	\N	518
10405084	2	1	\N	519
10405085	1	1	\N	518
10405085	2	1	\N	519
10405087	1	1	\N	369
10405087	2	120	\N	520
10405088	1	1	\N	7
10405088	2	1	\N	370
10405088	3	120	\N	521
10405089	1	1	\N	522
10405089	2	1	\N	523
10405090	1	1	\N	524
10405090	2	1	\N	63
10405091	1	1	\N	157
10405091	2	1	\N	525
10405092	1	1	\N	7
10405092	2	1	\N	222
10405093	1	1	\N	526
10405093	2	1	\N	527
10405094	1	1	\N	528
10405094	2	1	\N	244
10405095	1	1	\N	529
10405095	2	1	\N	530
10405096	1	1	\N	26
10405096	2	120	\N	531
10405097	1	1	\N	532
10405097	2	1	\N	533
10405098	1	1	\N	532
10405098	2	1	\N	533
10405099	1	1	\N	532
10405099	2	1	\N	533
10405100	1	1	\N	532
10405100	2	1	\N	533
10405101	1	1	\N	532
10405101	2	1	\N	533
10405102	1	1	\N	532
10405102	2	1	\N	533
10405103	1	1	\N	26
10405103	2	1	\N	534
10405104	1	1	\N	535
10405104	2	100	\N	536
10405105	1	1	\N	0
10405105	1	120	\N	482
10405105	2	1	\N	537
10405105	2	150	\N	842
10405106	1	1	\N	538
10405106	2	1	\N	539
10405107	1	1	\N	538
10405107	2	1	\N	539
10405108	1	1	\N	538
10405108	2	1	\N	539
10405109	1	1	\N	538
10405109	2	1	\N	539
10405110	1	1	\N	538
10405110	2	1	\N	539
10405111	1	1	\N	538
10405111	2	1	\N	539
10405112	1	1	\N	540
10405112	2	120	\N	541
10405113	1	1	\N	542
10405113	2	1	\N	543
10405114	1	1	\N	278
10405114	2	120	\N	544
10405115	1	1	\N	121
10405116	1	1	\N	121
10405116	2	1	\N	768
10405117	1	1	\N	13
10405117	2	1	\N	796
10405118	1	1	\N	505
10405118	1	120	\N	827
10405118	2	150	\N	810
10405119	1	1	\N	112
10405119	2	1	\N	152
10405120	1	1	\N	837
10405120	2	100	\N	838
10405121	1	1	\N	49
10405121	2	1	\N	138
10405122	1	1	\N	2
10405122	2	1	\N	631
10405123	1	1	\N	862
10405123	2	150	\N	860
10405123	3	200	\N	865
10405125	1	1	\N	2
10405125	2	1	\N	103
10405125	3	120	\N	458
10405126	1	1	\N	925
10405126	2	1	\N	926
10405127	1	1	\N	925
10405127	2	1	\N	926
10405128	1	1	\N	925
10405128	2	1	\N	926
10405129	1	1	\N	925
10405129	2	1	\N	926
10405130	1	1	\N	925
10405130	2	1	\N	926
10405131	1	1	\N	925
10405131	2	1	\N	926
10405132	1	1	\N	0
10405132	2	1	\N	368
10405132	3	120	\N	914
10406000	1	1	\N	7
10406000	1	101	\N	257
10406000	2	120	\N	223
10406002	1	1	\N	0
10406002	1	101	\N	482
10406002	2	120	\N	150
10406004	1	1	\N	17
10406005	1	1	\N	119
10406006	1	1	\N	26
10406006	2	120	\N	545
10406007	1	1	\N	546
10406008	1	1	\N	7
10406009	1	1	\N	11
10406009	2	120	\N	62
10406010	1	1	\N	7
10406011	1	1	\N	0
10406012	1	1	\N	2
10406013	1	1	\N	13
10406014	1	1	\N	5
10406015	1	1	\N	7
10406016	1	1	\N	26
10406017	1	1	\N	547
10406017	2	1	\N	548
10406018	1	1	\N	0
10406019	1	1	\N	2
10406020	1	1	\N	13
10406021	1	1	\N	5
10406022	1	1	\N	7
10406023	1	1	\N	26
10406024	1	1	\N	549
10406025	1	1	\N	2
10406025	1	120	\N	550
10406025	2	1	\N	10
10406026	1	1	\N	155
10406027	1	1	\N	7
10406028	1	1	\N	551
10406029	1	1	\N	0
10406029	1	120	\N	552
10406029	2	1	\N	83
10406030	1	1	\N	5
10406030	1	101	\N	269
10406031	1	1	\N	553
10406031	2	1	\N	554
10406032	1	1	\N	547
10406032	2	1	\N	548
10406033	1	1	\N	547
10406033	2	1	\N	548
10406034	1	1	\N	547
10406034	2	1	\N	548
10406035	1	1	\N	547
10406035	2	1	\N	548
10406036	1	1	\N	547
10406036	2	1	\N	548
10406037	1	1	\N	547
10406037	2	1	\N	548
10406038	1	1	\N	547
10406038	2	1	\N	548
10406039	1	1	\N	555
10406039	2	1	\N	125
10406040	1	1	\N	556
10406040	2	1	\N	557
10406041	1	1	\N	417
10406041	2	1	\N	294
10406042	1	1	\N	411
10406042	1	60	\N	558
10406042	2	100	\N	559
10406042	2	150	\N	560
10406042	3	200	\N	915
10406043	1	1	\N	522
10406043	2	1	\N	359
10406044	1	1	\N	549
10406044	2	1	\N	561
10406045	1	1	\N	916
10406045	1	60	\N	558
10406045	2	100	\N	559
10406045	2	150	\N	560
10406045	3	200	\N	917
10406046	1	1	\N	492
10406046	1	60	\N	558
10406046	2	100	\N	559
10406046	2	150	\N	560
10406046	3	200	\N	918
10406047	1	1	\N	213
10406047	1	60	\N	558
10406047	2	100	\N	559
10406047	2	150	\N	560
10406047	3	200	\N	919
10406048	1	1	\N	834
10406048	1	60	\N	558
10406048	2	100	\N	559
10406048	2	150	\N	560
10406048	3	200	\N	920
10406049	1	1	\N	43
10406049	1	60	\N	558
10406049	2	100	\N	559
10406049	2	150	\N	560
10406049	3	200	\N	783
10406055	1	1	\N	563
10406056	1	1	\N	0
10406056	2	1	\N	564
10406057	1	1	\N	492
10406057	2	1	\N	513
10406057	3	120	\N	840
10406058	1	1	\N	565
10406058	2	120	\N	2
10406059	1	1	\N	43
10406059	2	1	\N	185
10406060	1	1	\N	502
10406060	2	1	\N	4
10406061	1	1	\N	0
10406061	2	1	\N	566
10406062	1	1	\N	567
10406062	2	100	\N	568
10406064	1	1	\N	569
10406064	2	1	\N	418
10406065	1	1	\N	94
10406066	1	1	\N	95
10406067	1	1	\N	502
10406067	2	1	\N	85
10406068	1	1	\N	5
10406068	1	101	\N	269
10406068	2	1	\N	172
10406069	1	1	\N	5
10406069	1	101	\N	269
10406069	2	1	\N	570
10406070	1	1	\N	5
10406070	1	101	\N	269
10406070	2	1	\N	571
10406071	1	1	\N	572
10406071	2	1	\N	573
10406072	1	1	\N	213
10406072	2	1	\N	64
10406072	2	120	\N	263
10406073	1	1	\N	574
10406074	1	1	\N	575
10406074	2	1	\N	576
10406075	1	1	7	577
10406076	1	1	7	577
10406077	1	1	7	577
10406078	1	1	7	577
10406079	1	1	7	577
10406080	1	1	7	577
10406081	1	1	7	577
10406081	2	1	11	102
10406082	1	1	7	577
10406082	2	1	11	102
10406083	1	1	7	577
10406083	2	1	11	102
10406084	1	1	7	577
10406084	2	1	11	102
10406085	1	1	7	577
10406085	2	1	11	102
10406086	1	1	7	577
10406086	2	1	11	102
10406087	1	1	\N	578
10406087	2	100	\N	579
10406088	1	1	\N	580
10406088	2	1	\N	315
10406089	1	1	\N	60
10406089	2	1	\N	368
10406090	1	1	\N	49
10406090	2	1	\N	581
10406091	1	1	\N	582
10406091	2	1	\N	583
10406092	1	1	\N	582
10406092	2	1	\N	583
10406093	1	1	\N	582
10406093	2	1	\N	583
10406094	1	1	\N	582
10406094	2	1	\N	583
10406095	1	1	\N	582
10406095	2	1	\N	583
10406096	1	1	\N	582
10406096	2	1	\N	583
10406097	1	1	\N	2
10406097	2	1	\N	315
10406098	1	1	\N	584
10406098	2	1	\N	585
10406099	1	1	\N	586
10406099	2	1	\N	587
10406100	1	1	\N	24
10406100	2	1	\N	588
10406101	1	1	\N	589
10406101	2	1	\N	590
10406105	1	1	\N	591
10406105	2	100	\N	592
10406106	1	1	\N	593
10406106	2	120	\N	594
10406107	1	1	\N	26
10406107	2	1	\N	332
10406108	1	1	\N	595
10406108	2	1	\N	596
10406109	1	1	\N	597
10406109	2	1	\N	474
10406110	1	1	\N	271
10406111	1	1	\N	271
10406111	2	1	\N	598
10406112	1	1	\N	599
10406112	2	100	\N	600
10406113	1	1	\N	601
10406113	2	1	\N	418
10406114	1	1	\N	602
10406114	2	100	\N	603
10406115	1	1	\N	604
10406115	2	1	\N	605
10406116	1	1	\N	5
10406116	2	1	\N	606
10406117	1	1	\N	222
10406117	2	120	\N	151
10406118	1	1	\N	833
10406118	2	120	\N	608
10406119	1	1	\N	609
10406119	2	1	\N	610
10406121	1	1	\N	13
10406121	2	1	\N	772
10406122	1	1	\N	782
10406122	2	120	\N	783
10406123	1	1	\N	562
10406123	1	120	\N	828
10406123	2	150	\N	811
10406124	1	1	\N	66
10406124	2	120	\N	91
10406125	1	1	\N	855
10406125	2	120	\N	856
10406125	2	200	\N	937
10406126	1	1	\N	843
10406126	2	100	\N	844
10406127	1	1	\N	877
10406127	1	150	\N	878
10406127	2	1	\N	879
10406128	1	1	\N	913
10406128	2	1	\N	332
10406130	1	1	\N	354
10406130	2	1	\N	383
10407000	1	1	\N	0
10407000	1	101	\N	482
10407000	2	120	\N	299
10407001	1	1	\N	13
10407001	1	101	\N	14
10407001	2	120	\N	301
10407002	1	1	\N	17
10407002	1	101	\N	611
10407002	2	120	\N	244
10407003	1	1	\N	5
10407003	1	101	\N	269
10407003	2	120	\N	172
10407004	1	1	\N	13
10407004	2	120	\N	612
10407005	1	1	\N	7
10407006	1	1	\N	613
10407007	1	1	\N	614
10407008	1	1	\N	23
10407008	2	120	\N	185
10407009	1	1	\N	155
10407009	2	120	\N	615
10407010	1	1	\N	7
10407011	1	1	\N	0
10407012	1	1	\N	2
10407013	1	1	\N	13
10407014	1	1	\N	5
10407015	1	1	\N	7
10407016	1	1	\N	26
10407017	1	1	\N	616
10407017	2	1	\N	617
10407018	1	1	\N	0
10407019	1	1	\N	2
10407020	1	1	\N	13
10407021	1	1	\N	5
10407022	1	1	\N	7
10407023	1	1	\N	26
10407024	1	1	\N	618
10407025	1	1	\N	7
10407025	2	1	\N	13
10407025	2	120	\N	619
10407026	1	1	\N	616
10407026	2	1	\N	617
10407027	1	1	\N	616
10407027	2	1	\N	617
10407028	1	1	\N	616
10407028	2	1	\N	617
10407029	1	1	\N	616
10407029	2	1	\N	617
10407030	1	1	\N	616
10407030	2	1	\N	617
10407031	1	1	\N	616
10407031	2	1	\N	617
10407032	1	1	\N	616
10407032	2	1	\N	617
10407033	1	1	\N	225
10407033	2	1	\N	299
10407033	2	120	\N	620
10407034	1	1	\N	461
10407034	2	1	\N	202
10407035	1	1	\N	7
10407035	2	1	\N	254
10407036	1	1	\N	490
10407036	1	60	\N	490
10407036	2	100	\N	623
10407036	2	150	\N	624
10407036	3	200	\N	897
10407037	1	1	\N	618
10407037	2	1	\N	625
10407038	1	1	\N	294
10407038	1	60	\N	294
10407038	2	100	\N	623
10407038	2	150	\N	624
10407038	3	200	\N	899
10407039	1	1	\N	510
10407039	1	60	\N	510
10407039	2	100	\N	623
10407039	2	150	\N	624
10407039	3	200	\N	901
10407040	1	1	\N	626
10407040	1	60	\N	626
10407040	2	100	\N	623
10407040	2	150	\N	624
10407040	3	200	\N	903
10407041	1	1	\N	215
10407041	1	60	\N	215
10407041	2	100	\N	623
10407041	2	150	\N	624
10407041	3	200	\N	895
10407042	1	1	\N	627
10407042	1	60	\N	627
10407042	2	100	\N	623
10407042	2	150	\N	624
10407042	3	200	\N	80
10407048	1	1	\N	629
10407048	2	1	\N	630
10407050	1	1	\N	293
10407050	2	120	\N	245
10407051	1	1	\N	631
10407051	2	1	\N	244
10407051	2	120	\N	2
10407052	1	1	\N	632
10407052	2	1	\N	69
10407053	1	1	\N	17
10407053	2	1	\N	429
10407054	1	1	\N	5
10407054	2	1	\N	172
10407055	1	1	\N	633
10407055	2	100	\N	634
10407056	1	1	\N	635
10407056	2	1	\N	636
10407057	1	1	\N	637
10407057	2	1	\N	186
10407058	1	1	\N	94
10407059	1	1	\N	95
10407060	1	1	\N	638
10407060	2	1	\N	639
10407061	1	1	\N	640
10407061	2	1	\N	641
10407062	1	1	\N	642
10407062	2	1	\N	643
10407063	1	1	8	644
10407064	1	1	8	644
10407065	1	1	8	644
10407066	1	1	8	644
10407067	1	1	8	644
10407068	1	1	8	644
10407069	1	1	8	644
10407069	2	1	11	102
10407070	1	1	8	644
10407070	2	1	11	102
10407071	1	1	8	644
10407071	2	1	11	102
10407072	1	1	8	644
10407072	2	1	11	102
10407073	1	1	8	644
10407073	2	1	11	102
10407074	1	1	8	644
10407074	2	1	11	102
10407075	1	1	\N	645
10407075	2	1	\N	646
10407076	1	1	\N	645
10407076	2	1	\N	646
10407077	1	1	\N	645
10407077	2	1	\N	646
10407078	1	1	\N	645
10407078	2	1	\N	646
10407079	1	1	\N	645
10407079	2	1	\N	646
10407080	1	1	\N	645
10407080	2	1	\N	646
10407081	1	1	\N	647
10407081	2	100	\N	648
10407082	1	1	\N	593
10407082	2	1	\N	606
10407083	1	1	\N	649
10407084	1	1	\N	650
10407084	2	120	\N	651
10407085	1	1	\N	119
10407085	2	1	\N	652
10407086	1	1	\N	490
10407086	2	1	\N	368
10407087	1	1	\N	3
10407087	1	120	\N	36
10407087	2	150	\N	580
10407088	1	1	\N	253
10407088	2	120	\N	653
10407089	1	1	\N	654
10407089	2	120	\N	655
10407090	1	1	\N	656
10407090	2	150	\N	240
10407091	1	1	\N	657
10407091	2	1	\N	186
10407092	1	1	\N	63
10407092	2	120	\N	151
10407093	1	1	\N	7
10407093	2	1	\N	773
10407094	1	1	\N	792
10407094	2	120	\N	793
10407095	1	1	\N	628
10407095	1	120	\N	829
10407095	2	150	\N	812
10407096	1	1	\N	863
10407096	2	150	\N	860
10407096	3	200	\N	865
10407097	1	1	\N	870
10407097	2	100	\N	871
10407099	1	1	\N	86
10407099	2	1	\N	615
10407099	3	120	\N	841
10408000	1	1	\N	461
10408000	2	1	\N	10
10408001	1	1	\N	658
10408001	2	1	\N	240
10408002	1	1	\N	17
10408003	1	1	\N	7
10408004	1	1	\N	7
10408005	1	1	\N	0
10408006	1	1	\N	2
10408007	1	1	\N	13
10408008	1	1	\N	5
10408009	1	1	\N	7
10408010	1	1	\N	26
10408011	1	1	\N	9
10408011	1	120	\N	659
10408011	2	1	\N	11
10408012	1	1	\N	2
10408013	1	1	\N	660
10408013	2	1	\N	661
10408014	1	1	\N	0
10408015	1	1	\N	2
10408016	1	1	\N	13
10408017	1	1	\N	5
10408018	1	1	\N	7
10408019	1	1	\N	26
10408020	1	1	\N	662
10408021	1	1	\N	0
10408021	1	120	\N	663
10408021	2	1	\N	5
10408022	1	1	\N	10
10408023	1	1	\N	664
10408024	1	1	\N	13
10408024	1	120	\N	665
10408024	2	1	\N	0
10408025	1	1	\N	574
10408026	1	1	\N	17
10408026	2	1	\N	11
10408026	2	120	\N	666
10408027	1	1	\N	7
10408027	2	1	\N	5
10408028	1	1	\N	660
10408028	2	1	\N	661
10408029	1	1	\N	660
10408029	2	1	\N	661
10408030	1	1	\N	660
10408030	2	1	\N	661
10408031	1	1	\N	660
10408031	2	1	\N	661
10408032	1	1	\N	660
10408032	2	1	\N	661
10408033	1	1	\N	660
10408033	2	1	\N	661
10408034	1	1	\N	660
10408034	2	1	\N	661
10408035	1	1	\N	667
10408035	2	1	\N	668
10408036	1	1	\N	418
10408036	2	1	\N	669
10408037	1	1	\N	670
10408037	1	60	\N	670
10408037	2	100	\N	671
10408037	2	150	\N	672
10408037	3	200	\N	91
10408038	1	1	\N	662
10408038	2	1	\N	673
10408039	1	1	\N	528
10408039	1	60	\N	528
10408039	2	100	\N	671
10408039	2	150	\N	672
10408039	3	200	\N	417
10408040	1	1	\N	674
10408040	1	60	\N	674
10408040	2	100	\N	671
10408040	2	150	\N	672
10408040	3	200	\N	418
10408041	1	1	\N	675
10408041	1	60	\N	675
10408041	2	100	\N	671
10408041	2	150	\N	672
10408041	3	200	\N	186
10408042	1	1	\N	622
10408042	1	60	\N	622
10408042	2	100	\N	671
10408042	2	150	\N	672
10408042	3	200	\N	419
10408043	1	1	\N	511
10408043	1	60	\N	511
10408043	2	100	\N	671
10408043	2	150	\N	672
10408043	3	200	\N	375
10408050	1	1	\N	48
10408050	2	1	\N	327
10408051	1	1	\N	677
10408051	2	120	\N	0
10408052	1	1	\N	254
10408052	1	120	\N	678
10408052	2	1	\N	20
10408053	1	1	\N	679
10408053	2	100	\N	680
10408054	1	1	\N	94
10408055	1	1	\N	95
10408056	1	1	\N	681
10408056	2	100	\N	682
10408057	1	1	\N	126
10408058	1	1	\N	126
10408058	2	120	\N	683
10408059	1	1	\N	26
10408059	1	120	\N	78
10408059	2	1	\N	684
10408060	1	1	\N	7
10408060	2	1	\N	370
10408061	1	1	\N	5
10408061	2	1	\N	685
10408062	1	1	\N	86
10408062	2	1	\N	339
10408063	1	1	\N	686
10408063	2	1	\N	687
10408064	1	1	9	688
10408065	1	1	9	688
10408066	1	1	9	688
10408067	1	1	9	688
10408068	1	1	9	688
10408069	1	1	9	688
10408070	1	1	9	688
10408070	2	1	11	102
10408071	1	1	9	688
10408071	2	1	11	102
10408072	1	1	9	688
10408072	2	1	11	102
10408073	1	1	9	688
10408073	2	1	11	102
10408074	1	1	9	688
10408074	2	1	11	102
10408075	1	1	9	688
10408075	2	1	11	102
10408076	1	1	\N	689
10408076	2	1	\N	690
10408077	1	1	\N	689
10408077	2	1	\N	690
10408078	1	1	\N	689
10408078	2	1	\N	690
10408079	1	1	\N	689
10408079	2	1	\N	690
10408080	1	1	\N	689
10408080	2	1	\N	690
10408081	1	1	\N	689
10408081	2	1	\N	690
10408082	1	1	\N	691
10408082	2	120	\N	692
10408083	1	1	\N	693
10408083	2	1	\N	694
10408084	1	1	\N	157
10408084	2	1	\N	695
10408085	1	1	\N	13
10408085	2	1	\N	696
10408086	1	1	\N	697
10408086	2	100	\N	698
10408087	1	1	\N	276
10408087	2	120	\N	404
10408088	1	1	\N	699
10408088	2	1	\N	412
10408089	1	1	\N	700
10408089	2	1	\N	701
10408090	1	1	\N	702
10408090	2	1	\N	703
10408091	1	1	\N	704
10408091	1	120	\N	705
10408091	2	150	\N	706
10408092	1	1	\N	707
10408092	2	1	\N	419
10408093	1	1	\N	13
10408093	2	1	\N	708
10408093	3	120	\N	212
10408094	1	1	\N	709
10408094	2	120	12	140
10408094	3	200	33	141
10408095	1	1	\N	710
10408095	2	120	12	140
10408095	3	200	23	141
10408096	1	1	\N	711
10408096	2	1	\N	419
10408097	1	1	\N	449
10408098	1	1	\N	449
10408098	2	120	\N	712
10408099	1	1	\N	280
10408099	2	120	\N	713
10408100	1	1	\N	784
10408100	2	100	\N	785
10408101	1	1	\N	797
10408101	2	1	\N	798
10408102	1	1	\N	797
10408102	2	1	\N	798
10408103	1	1	\N	797
10408103	2	1	\N	798
10408104	1	1	\N	797
10408104	2	1	\N	798
10408105	1	1	\N	797
10408105	2	1	\N	798
10408106	1	1	\N	797
10408106	2	1	\N	798
10408107	1	1	\N	797
10408107	2	1	\N	798
10408108	1	1	\N	797
10408108	2	1	\N	798
10408109	1	1	\N	799
10408109	2	1	\N	800
10408110	1	1	\N	799
10408110	2	1	\N	800
10408111	1	1	\N	799
10408111	2	1	\N	800
10408112	1	1	\N	799
10408112	2	1	\N	800
10408113	1	1	\N	799
10408113	2	1	\N	800
10408114	1	1	\N	799
10408114	2	1	\N	800
10408115	1	1	\N	676
10408115	1	120	\N	830
10408115	2	150	\N	813
10408116	1	1	\N	857
10408116	2	120	\N	858
10408116	2	200	\N	938
10408117	1	1	\N	789
10408117	2	1	\N	845
10408118	1	1	\N	846
10408118	2	150	\N	227
10408119	1	1	\N	864
10408119	2	150	\N	860
10408119	3	200	\N	865
10408120	1	1	\N	868
10408120	2	150	\N	869
10408121	1	1	\N	927
10408121	2	1	\N	928
10408122	1	1	\N	927
10408122	2	1	\N	928
10408123	1	1	\N	927
10408123	2	1	\N	928
10408124	1	1	\N	927
10408124	2	1	\N	928
10408125	1	1	\N	927
10408125	2	1	\N	928
10408126	1	1	\N	927
10408126	2	1	\N	928
10408128	1	1	\N	0
10408128	2	1	\N	243
10409000	1	1	\N	0
10409000	1	101	\N	482
10409000	2	120	\N	2
10409001	1	1	\N	5
10409001	1	120	\N	714
10409001	2	1	\N	13
10409002	1	1	\N	244
10409002	1	101	\N	328
10409002	2	1	\N	715
10409003	1	1	\N	716
10409003	2	1	\N	717
10409004	1	1	\N	718
10409004	2	1	\N	719
10409005	1	1	\N	7
10409006	1	1	\N	7
10409007	1	1	\N	0
10409008	1	1	\N	2
10409009	1	1	\N	13
10409010	1	1	\N	5
10409011	1	1	\N	7
10409012	1	1	\N	26
10409013	1	1	\N	720
10409014	1	1	\N	0
10409015	1	1	\N	2
10409016	1	1	\N	13
10409017	1	1	\N	5
10409018	1	1	\N	7
10409019	1	1	\N	26
10409020	1	1	\N	63
10409020	1	101	\N	242
10409020	2	120	\N	475
10409021	1	1	\N	13
10409021	1	120	\N	721
10409021	2	1	\N	7
10409022	1	1	\N	722
10409023	1	1	\N	244
10409023	2	1	\N	245
10409024	1	1	\N	43
10409024	2	1	\N	332
10409025	1	1	\N	0
10409025	1	101	\N	482
10409026	1	1	\N	26
10409026	1	120	\N	723
10409026	2	1	\N	2
10409027	1	1	\N	724
10409028	1	1	\N	716
10409028	2	1	\N	717
10409029	1	1	\N	716
10409029	2	1	\N	717
10409030	1	1	\N	716
10409030	2	1	\N	717
10409031	1	1	\N	716
10409031	2	1	\N	717
10409032	1	1	\N	716
10409032	2	1	\N	717
10409033	1	1	\N	716
10409033	2	1	\N	717
10409034	1	1	\N	716
10409034	2	1	\N	717
10409035	1	1	\N	718
10409035	2	1	\N	719
10409036	1	1	\N	718
10409036	2	1	\N	719
10409037	1	1	\N	718
10409037	2	1	\N	719
10409038	1	1	\N	718
10409038	2	1	\N	719
10409039	1	1	\N	718
10409039	2	1	\N	719
10409040	1	1	\N	718
10409040	2	1	\N	719
10409041	1	1	\N	718
10409041	2	1	\N	719
10409042	1	1	\N	7
10409042	2	1	\N	581
10409043	1	1	\N	60
10409043	1	60	\N	60
10409043	2	100	\N	725
10409043	2	150	\N	726
10409043	3	200	\N	910
10409044	1	1	\N	720
10409044	2	1	\N	727
10409045	1	1	\N	476
10409045	1	60	\N	476
10409045	2	100	\N	725
10409045	2	150	\N	726
10409045	3	200	\N	219
10409046	1	1	\N	597
10409046	1	60	\N	597
10409046	2	100	\N	725
10409046	2	150	\N	726
10409046	3	200	\N	911
10409047	1	1	\N	632
10409047	1	60	\N	632
10409047	2	100	\N	725
10409047	2	150	\N	726
10409047	3	200	\N	836
10409048	1	1	\N	369
10409048	1	60	\N	369
10409048	2	100	\N	725
10409048	2	150	\N	726
10409048	3	200	\N	912
10409049	1	1	\N	276
10409049	1	60	\N	276
10409049	2	100	\N	725
10409049	2	150	\N	726
10409049	3	200	\N	913
10409055	1	1	\N	9
10409055	2	1	\N	729
10409056	1	1	\N	730
10409056	2	1	\N	731
10409057	1	1	\N	2
10409057	2	1	\N	0
10409058	1	1	\N	5
10409059	1	1	\N	732
10409060	1	1	\N	733
10409060	2	1	\N	734
10409061	1	1	\N	735
10409061	2	1	\N	736
10409062	1	1	\N	94
10409063	1	1	\N	95
10409064	1	1	\N	482
10409064	1	120	\N	489
10409064	2	150	\N	737
10409065	1	1	\N	0
10409065	1	101	\N	482
10409065	2	1	\N	243
10409066	1	1	\N	0
10409066	1	101	\N	482
10409066	2	1	\N	738
10409067	1	1	\N	0
10409067	1	101	\N	482
10409067	2	1	\N	739
10409068	1	1	\N	740
10409068	2	1	\N	741
10409069	1	1	10	742
10409070	1	1	10	742
10409071	1	1	10	742
10409072	1	1	10	742
10409073	1	1	10	742
10409074	1	1	10	742
10409075	1	1	10	742
10409075	2	1	11	102
10409076	1	1	10	742
10409076	2	1	11	102
10409077	1	1	10	742
10409077	2	1	11	102
10409078	1	1	10	742
10409078	2	1	11	102
10409079	1	1	10	742
10409079	2	1	11	102
10409080	1	1	10	742
10409080	2	1	11	102
10409081	1	1	\N	13
10409081	2	1	\N	743
10409082	1	1	\N	744
10409082	2	120	\N	745
10409083	1	1	\N	746
10409083	2	120	\N	747
10409084	1	1	\N	2
10409084	2	1	\N	103
10409085	1	1	\N	748
10409085	2	100	\N	749
10409086	1	1	\N	750
10409087	1	1	\N	750
10409087	2	120	\N	751
10409088	1	1	\N	60
10409088	2	120	\N	752
10409089	1	1	\N	24
10409089	2	120	\N	753
10409090	1	1	\N	713
10409090	2	1	\N	755
10409091	1	1	\N	24
10409091	2	1	\N	756
10409092	1	1	\N	26
10409092	2	1	\N	44
10409093	1	1	\N	757
10409093	2	1	\N	758
10409094	1	1	\N	757
10409094	2	1	\N	758
10409095	1	1	\N	757
10409095	2	1	\N	758
10409096	1	1	\N	757
10409096	2	1	\N	758
10409097	1	1	\N	757
10409097	2	1	\N	758
10409098	1	1	\N	757
10409098	2	1	\N	758
10409100	1	1	\N	269
10409100	1	120	\N	497
10409100	2	150	\N	759
10409101	1	1	\N	341
10409102	1	1	\N	341
10409102	2	120	\N	760
10409103	1	1	\N	761
10409103	2	1	\N	762
10409104	1	1	\N	761
10409104	2	1	\N	762
10409105	1	1	\N	761
10409105	2	1	\N	762
10409106	1	1	\N	761
10409106	2	1	\N	762
10409107	1	1	\N	761
10409107	2	1	\N	762
10409108	1	1	\N	761
10409108	2	1	\N	762
10409109	1	1	\N	13
10409109	2	120	\N	763
10409110	1	1	\N	764
10409110	2	120	12	140
10409110	3	200	36	141
10409111	1	1	\N	765
10409111	2	120	12	140
10409111	3	200	26	141
10409112	1	1	\N	766
10409112	2	100	\N	767
10409113	1	1	\N	0
10409113	2	120	\N	774
10409114	1	1	\N	0
10409114	2	1	\N	368
10409115	1	1	\N	779
10409115	2	150	\N	780
10409116	1	1	\N	786
10409116	2	1	\N	262
10409117	1	1	\N	5
10409117	2	1	\N	606
10409118	1	1	\N	728
10409118	1	120	\N	831
10409118	2	150	\N	814
10409119	1	1	\N	786
10409119	2	1	\N	309
10409120	1	1	\N	597
10409120	2	1	\N	481
10409121	1	1	\N	866
10409121	2	150	\N	860
10409121	3	200	\N	865
